timestamp,Plant_1,Plant_10,Plant_11,Plant_12,Plant_13,Plant_14,Plant_15,Plant_16,Plant_17,Plant_18,Plant_19,Plant_2,Plant_20,Plant_21,Plant_22,Plant_23,Plant_24,Plant_25,Plant_26,Plant_27,Plant_28,Plant_29,Plant_3,Plant_30,Plant_31,Plant_32,Plant_33,Plant_34,Plant_35,Plant_36,Plant_37,Plant_38,Plant_39,Plant_4,Plant_40,Plant_5,Plant_6,Plant_7,Plant_8,Plant_9
29.10.2024 23:00,0.0,0.0,0.0,0.0,0.0,0.0,0.0,0.0,0.0,0.0,0.0,0.0,0.0,0.0,0.0,0.0,0.0,0.0,0.0,0.0,0.0,0.0,0.0,0.0,0.0,0.0,0.0,0.0,0.0,0.0,0.0,0.0,0.0,0.0,0.0,0.0,0.0,0.0,0.0,0.0
29.10.2024 23:15,0.0,0.0,0.0,0.0,0.0,0.0,0.0,0.0,0.0,0.0,0.0,0.0,0.0,0.0,0.0,0.0,0.0,0.0,0.0,0.0,0.0,0.0,0.0,0.0,0.0,0.0,0.0,0.0,0.0,0.0,0.0,0.0,0.0,0.0,0.0,0.0,0.0,0.0,0.0,0.0
29.10.2024 23:30,0.0,0.0,0.0,0.0,0.0,0.0,0.0,0.0,0.0,0.0,0.0,0.0,0.0,0.0,0.0,0.0,0.0,0.0,0.0,0.0,0.0,0.0,0.0,0.0,0.0,0.0,0.0,0.0,0.0,0.0,0.0,0.0,0.0,0.0,0.0,0.0,0.0,0.0,0.0,0.0
29.10.2024 23:45,0.0,0.0,0.0,0.0,0.0,0.0,0.0,0.0,0.0,0.0,0.0,0.0,0.0,0.0,0.0,0.0,0.0,0.0,0.0,0.0,0.0,0.0,0.0,0.0,0.0,0.0,0.0,0.0,0.0,0.0,0.0,0.0,0.0,0.0,0.0,0.0,0.0,0.0,0.0,0.0
30.10.2024 00:00,0.0,0.0,0.0,0.0,0.0,0.0,0.0,0.0,0.0,0.0,0.0,0.0,0.0,0.0,0.0,0.0,0.0,0.0,0.0,0.0,0.0,0.0,0.0,0.0,0.0,0.0,0.0,0.0,0.0,0.0,0.0,0.0,0.0,0.0,0.0,0.0,0.0,0.0,0.0,0.0
30.10.2024 00:15,0.0,0.0,0.0,0.0,0.0,0.0,0.0,0.0,0.0,0.0,0.0,0.0,0.0,0.0,0.0,0.0,0.0,0.0,0.0,0.0,0.0,0.0,0.0,0.0,0.0,0.0,0.0,0.0,0.0,0.0,0.0,0.0,0.0,0.0,0.0,0.0,0.0,0.0,0.0,0.0
30.10.2024 00:30,0.0,0.0,0.0,0.0,0.0,0.0,0.0,0.0,0.0,0.0,0.0,0.0,0.0,0.0,0.0,0.0,0.0,0.0,0.0,0.0,0.0,0.0,0.0,0.0,0.0,0.0,0.0,0.0,0.0,0.0,0.0,0.0,0.0,0.0,0.0,0.0,0.0,0.0,0.0,0.0
30.10.2024 00:45,0.0,0.0,0.0,0.0,0.0,0.0,0.0,0.0,0.0,0.0,0.0,0.0,0.0,0.0,0.0,0.0,0.0,0.0,0.0,0.0,0.0,0.0,0.0,0.0,0.0,0.0,0.0,0.0,0.0,0.0,0.0,0.0,0.0,0.0,0.0,0.0,0.0,0.0,0.0,0.0
30.10.2024 01:00,0.0,0.0,0.0,0.0,0.0,0.0,0.0,0.0,0.0,0.0,0.0,0.0,0.0,0.0,0.0,0.0,0.0,0.0,0.0,0.0,0.0,0.0,0.0,0.0,0.0,0.0,0.0,0.0,0.0,0.0,0.0,0.0,0.0,0.0,0.0,0.0,0.0,0.0,0.0,0.0
30.10.2024 01:15,0.0,0.0,0.0,0.0,0.0,0.0,0.0,0.0,0.0,0.0,0.0,0.0,0.0,0.0,0.0,0.0,0.0,0.0,0.0,0.0,0.0,0.0,0.0,0.0,0.0,0.0,0.0,0.0,0.0,0.0,0.0,0.0,0.0,0.0,0.0,0.0,0.0,0.0,0.0,0.0
30.10.2024 01:30,0.0,0.0,0.0,0.0,0.0,0.0,0.0,0.0,0.0,0.0,0.0,0.0,0.0,0.0,0.0,0.0,0.0,0.0,0.0,0.0,0.0,0.0,0.0,0.0,0.0,0.0,0.0,0.0,0.0,0.0,0.0,0.0,0.0,0.0,0.0,0.0,0.0,0.0,0.0,0.0
30.10.2024 01:45,0.0,0.0,0.0,0.0,0.0,0.0,0.0,0.0,0.0,0.0,0.0,0.0,0.0,0.0,0.0,0.0,0.0,0.0,0.0,0.0,0.0,0.0,0.0,0.0,0.0,0.0,0.0,0.0,0.0,0.0,0.0,0.0,0.0,0.0,0.0,0.0,0.0,0.0,0.0,0.0
30.10.2024 02:00,0.0,0.0,0.0,0.0,0.0,0.0,0.0,0.0,0.0,0.0,0.0,0.0,0.0,0.0,0.0,0.0,0.0,0.0,0.0,0.0,0.0,0.0,0.0,0.0,0.0,0.0,0.0,0.0,0.0,0.0,0.0,0.0,0.0,0.0,0.0,0.0,0.0,0.0,0.0,0.0
30.10.2024 02:15,0.0,0.0,0.0,0.0,0.0,0.0,0.0,0.0,0.0,0.0,0.0,0.0,0.0,0.0,0.0,0.0,0.0,0.0,0.0,0.0,0.0,0.0,0.0,0.0,0.0,0.0,0.0,0.0,0.0,0.0,0.0,0.0,0.0,0.0,0.0,0.0,0.0,0.0,0.0,0.0
30.10.2024 02:30,0.0,0.0,0.0,0.0,0.0,0.0,0.0,0.0,0.0,0.0,0.0,0.0,0.0,0.0,0.0,0.0,0.0,0.0,0.0,0.0,0.0,0.0,0.0,0.0,0.0,0.0,0.0,0.0,0.0,0.0,0.0,0.0,0.0,0.0,0.0,0.0,0.0,0.0,0.0,0.0
30.10.2024 02:45,0.0,0.0,0.0,0.0,0.0,0.0,0.0,0.0,0.0,0.0,0.0,0.0,0.0,0.0,0.0,0.0,0.0,0.0,0.0,0.0,0.0,0.0,0.0,0.0,0.0,0.0,0.0,0.0,0.0,0.0,0.0,0.0,0.0,0.0,0.0,0.0,0.0,0.0,0.0,0.0
30.10.2024 03:00,0.0,0.0,0.0,0.0,0.0,0.0,0.0,0.0,0.0,0.0,0.0,0.0,0.0,0.0,0.0,0.0,0.0,0.0,0.0,0.0,0.0,0.0,0.0,0.0,0.0,0.0,0.0,0.0,0.0,0.0,0.0,0.0,0.0,0.0,0.0,0.0,0.0,0.0,0.0,0.0
30.10.2024 03:15,0.0,0.0,0.0,0.0,0.0,0.0,0.0,0.0,0.0,0.0,0.0,0.0,0.0,0.0,0.0,0.0,0.0,0.0,0.0,0.0,0.0,0.0,0.0,0.0,0.0,0.0,0.0,0.0,0.0,0.0,0.0,0.0,0.0,0.0,0.0,0.0,0.0,0.0,0.0,0.0
30.10.2024 03:30,0.0,0.0,0.0,0.0,0.0,0.0,0.0,0.0,0.0,0.0,0.0,0.0,0.0,0.0,0.0,0.0,0.0,0.0,0.0,0.0,0.0,0.0,0.0,0.0,0.0,0.0,0.0,0.0,0.0,0.0,0.0,0.0,0.0,0.0,0.0,0.0,0.0,0.0,0.0,0.0
30.10.2024 03:45,0.0,0.0,0.0,0.0,0.0,0.0,0.0,0.0,0.0,0.0,0.0,0.0,0.0,0.0,0.0,0.0,0.0,0.0,0.0,0.0,0.0,0.0,0.0,0.0,0.0,0.0,0.0,0.0,0.0,0.0,0.0,0.0,0.0,0.0,0.0,0.0,0.0,0.0,0.0,0.0
30.10.2024 04:00,0.0,0.0,0.0,0.0,0.0,0.0,0.0,0.0,0.0,0.0,0.0,0.0,0.0,0.0,0.0,0.0,0.0,0.0,0.0,0.0,0.0,0.0,0.0,0.0,0.0,0.0,0.0,0.0,0.0,0.0,0.0,0.0,0.0,0.0,0.0,0.0,0.0,0.0,0.0,0.0
30.10.2024 04:15,0.0,0.0,0.0,0.0,0.0,0.0,0.0,0.0,0.0,0.0,0.0,0.0,0.0,0.0,0.0,0.0,0.0,0.0,0.0,0.0,0.0,0.0,0.0,0.0,0.0,0.0,0.0,0.0,0.0,0.0,0.0,0.0,0.0,0.0,0.0,0.0,0.0,0.0,0.0,0.0
30.10.2024 04:30,0.0,0.0,0.0,0.0,0.0,0.0,0.0,0.0,0.0,0.0,0.0,0.0,0.0,0.0,0.0,0.0,0.0,0.0,0.0,0.0,0.0,0.0,0.0,0.0,0.0,0.0,0.0,0.0,0.0,0.0,0.0,0.0,0.0,0.0,0.0,0.0,0.0,0.0,0.0,0.0
30.10.2024 04:45,0.0,0.0,0.0,0.0,0.0,0.0,0.0,0.0,0.0,0.0,0.0,0.0,0.0,0.0,0.0,0.0,0.0,0.0,0.0,0.0,0.0,0.0,0.0,0.0,0.0,0.0,0.0,0.0,0.0,0.0,0.0,0.0,0.0,0.0,0.0,0.0,0.0,0.0,0.0,0.0
30.10.2024 05:00,0.0,0.0,0.0,0.0,0.0,0.0,0.0,0.0,0.0,0.0,0.0,0.0,0.0,0.0,0.0,0.0,0.0,0.0,0.0,0.0,0.0,0.0,0.0,0.0,0.0,0.0,0.0,0.0,0.0,0.0,0.0,0.0,0.0,0.0,0.0,0.0,0.0,0.0,0.0,0.0
30.10.2024 05:15,1.425,2.451,5.616,1.441,5.05,3.258,1.432,2.53,2.503,3.123,6.288,3.493,4.183,4.121,5.682,0.42,3.166,3.206,5.143,1.191,1.795,3.377,1.593,1.788,3.628,3.731,5.989,3.705,0.201,4.224,4.087,5.27,0.913,4.153,2.042,5.026,4.553,0.738,6.268,1.018
30.10.2024 05:30,3.15,4.792,11.116,3.582,11.214,5.237,3.484,6.061,5.166,6.104,12.687,9.127,7.782,8.658,12.424,0.882,4.541,6.239,8.101,1.918,3.189,8.848,3.078,4.672,6.816,9.803,11.522,9.481,0.394,10.344,6.041,10.119,1.911,6.989,3.767,8.87,7.269,1.621,9.752,2.792
30.10.2024 05:45,5.983,7.793,14.168,5.447,18.532,10.47,5.07,8.633,5.615,10.248,19.256,12.545,9.448,11.435,19.974,1.698,9.351,8.288,12.246,3.501,5.52,11.942,4.045,5.574,14.593,15.016,15.096,10.448,0.458,17.085,11.677,17.229,2.24,11.996,6.023,16.994,9.411,2.703,18.095,4.098
30.10.2024 06:00,7.93,7.904,19.876,6.9,17.511,12.667,5.668,9.266,8.664,10.679,25.214,19.387,13.138,16.098,19.063,1.611,11.355,11.344,15.78,4.219,7.846,17.73,5.811,7.955,13.147,18.845,23.8,19.39,0.635,23.948,13.263,16.413,2.693,18.3,8.785,19.918,14.149,3.343,25.519,4.739
30.10.2024 06:15,8.581,10.405,28.385,9.625,25.314,16.615,7.654,11.97,9.758,14.484,24.189,19.014,16.555,26.001,28.605,2.28,12.861,15.262,22.97,4.693,7.435,23.585,7.537,11.803,24.235,24.782,30.281,22.321,0.96,27.112,15.036,21.519,3.365,25.524,9.659,24.807,18.805,3.787,23.351,5.103
30.10.2024 06:30,10.437,12.494,28.729,11.626,27.242,18.684,7.409,15.722,14.152,15.207,31.791,25.424,20.034,31.807,38.296,3.071,13.215,17.563,31.639,5.569,10.528,26.359,7.692,11.879,26.424,23.079,31.285,23.539,1.286,26.973,21.448,31.886,5.149,29.067,11.984,26.799,19.294,5.462,28.456,8.148
30.10.2024 06:45,11.211,17.84,38.061,12.273,39.284,21.486,9.168,16.616,16.144,21.152,31.826,32.697,26.285,32.639,40.811,3.563,19.866,19.217,28.906,6.615,13.172,27.033,9.442,12.281,26.035,33.119,31.537,25.125,1.483,36.91,21.658,31.527,4.623,23.86,17.407,26.963,27.389,5.806,38.635,10.095
30.10.2024 07:00,11.858,16.111,30.822,10.666,34.663,21.156,11.656,23.976,14.342,20.716,46.377,26.482,28.978,40.618,47.997,4.306,19.507,24.613,39.153,8.298,13.649,26.899,12.477,13.64,34.068,32.542,46.886,36.498,1.24,41.789,30.998,32.555,5.503,38.607,19.697,30.153,34.884,7.066,48.604,8.646
30.10.2024 07:15,13.368,21.027,35.992,15.855,48.697,24.647,10.861,23.031,21.394,23.853,53.003,41.07,28.306,40.859,50.57,4.314,22.952,24.609,38.173,7.836,15.125,38.968,14.582,17.341,39.502,31.41,39.081,37.458,1.525,46.297,24.916,41.772,5.958,41.16,22.242,39.925,31.669,6.766,53.063,9.958
30.10.2024 07:30,16.795,19.817,43.893,15.571,45.735,25.568,16.211,21.847,17.753,27.656,57.289,41.144,29.081,34.418,65.809,4.73,27.303,29.851,51.064,11.23,13.736,37.412,17.496,21.213,34.457,42.41,40.025,37.19,1.431,53.586,28.019,48.447,6.971,45.02,24.554,37.596,33.296,6.619,49.872,10.248
30.10.2024 07:45,18.718,27.703,50.299,17.877,47.6,28.145,16.772,28.055,24.638,24.548,52.915,34.252,33.05,54.9,48.9,5.559,32.077,22.337,55.28,10.716,16.947,34.15,18.52,24.909,46.012,46.158,49.21,41.676,1.871,42.41,36.419,40.419,6.643,43.073,22.637,50.875,36.732,6.509,60.278,13.089
30.10.2024 08:00,20.343,30.52,58.72,19.777,68.103,40.839,19.466,25.298,23.186,27.153,64.286,40.836,48.67,41.205,63.519,5.462,33.347,24.884,58.74,13.023,18.356,47.948,17.878,24.826,49.893,42.139,61.776,51.658,2.235,45.904,40.071,48.532,9.802,45.031,28.739,60.241,34.674,9.26,49.358,11.729
30.10.2024 08:15,21.597,27.754,66.188,18.638,49.731,31.425,18.925,27.364,23.339,37.04,51.934,51.057,42.765,55.949,56.648,6.058,30.723,30.298,56.762,9.697,20.549,42.939,17.401,27.226,42.51,39.686,70.35,45.418,2.406,61.077,44.882,63.202,10.425,45.944,26.896,64.035,50.211,7.655,73.107,13.627
30.10.2024 08:30,17.071,27.33,55.782,24.388,63.317,34.923,21.785,30.348,22.808,35.319,53.262,41.089,52.369,49.539,61.671,7.095,31.559,31.076,54.145,11.706,24.046,40.476,19.975,27.42,40.682,45.397,66.914,42.787,2.272,72.035,39.158,59.771,9.273,43.452,27.74,62.265,44.336,8.76,76.745,16.448
30.10.2024 08:45,21.326,27.18,50.06,18.68,54.98,41.753,19.821,40.573,23.987,43.624,75.271,53.738,54.48,55.08,71.248,6.157,30.995,37.97,69.718,10.587,17.088,60.053,22.103,30.259,45.98,51.856,78.429,62.431,1.995,62.97,51.571,50.543,10.511,49.084,31.969,54.216,45.897,10.088,58.663,16.352
30.10.2024 09:00,18.31,25.952,71.271,24.334,70.284,43.784,20.999,43.181,30.654,42.706,69.009,50.802,49.981,63.407,67.062,6.364,34.164,30.68,56.452,12.379,18.06,53.465,17.493,22.584,47.771,48.741,57.857,53.284,2.359,78.679,55.767,58.965,11.063,51.503,27.099,73.045,53.216,10.63,64.882,15.865
30.10.2024 09:15,23.482,29.718,68.561,18.89,73.231,37.39,24.879,43.176,30.391,32.933,88.199,58.726,55.733,60.417,95.402,5.532,31.454,43.728,61.18,16.14,18.802,50.822,20.594,32.979,46.385,51.047,58.968,54.242,3.005,80.795,48.827,70.558,11.912,58.927,35.342,76.185,50.562,11.155,61.322,16.65
30.10.2024 09:30,23.151,35.787,59.566,28.366,69.96,49.916,22.728,36.697,26.027,44.171,63.559,47.175,46.468,57.438,97.627,7.427,45.561,35.009,60.057,11.825,25.546,62.298,24.98,27.765,63.01,57.262,76.707,52.41,2.351,82.161,55.508,60.514,11.24,67.082,31.691,59.676,56.439,9.563,68.274,18.143
30.10.2024 09:45,28.051,34.982,69.216,20.981,65.792,50.966,17.891,36.586,26.537,36.196,88.63,67.807,58.339,61.014,79.256,5.907,40.419,37.615,75.308,14.493,20.376,67.783,21.478,34.669,56.332,72.624,89.486,70.553,2.505,84.34,51.988,79.662,11.463,61.856,28.429,76.152,44.998,10.759,86.672,14.548
30.10.2024 10:00,23.284,41.428,77.537,21.204,74.73,41.729,24.46,41.826,26.532,49.001,78.452,71.557,50.255,62.374,91.276,7.427,34.055,35.902,77.099,12.846,25.492,47.886,23.622,25.107,69.576,69.077,76.971,55.038,3.023,85.617,43.427,76.854,12.245,52.443,28.88,64.825,62.608,12.061,74.61,15.366
30.10.2024 10:15,21.282,34.208,79.464,23.956,85.249,43.309,26.472,45.305,35.643,53.479,90.737,72.479,63.538,79.974,88.884,8.438,38.203,41.3,77.239,14.883,22.926,65.283,24.119,33.321,55.112,58.808,64.026,66.398,3.052,84.509,49.519,71.988,12.761,76.473,29.945,80.606,66.393,13.886,66.469,21.611
30.10.2024 10:30,21.77,38.84,72.41,24.615,89.645,56.156,25.727,50.32,35.587,45.705,91.323,67.794,47.214,76.387,99.763,7.75,41.772,33.291,71.048,17.669,24.476,67.881,20.57,33.911,60.629,75.571,70.037,73.277,3.284,81.572,44.883,85.774,11.189,76.846,40.407,87.06,60.42,12.883,75.296,15.743
30.10.2024 10:45,28.227,36.091,67.149,23.092,81.991,54.315,23.914,36.032,27.169,48.715,95.061,52.81,63.184,67.481,93.625,6.936,41.776,34.958,62.122,16.43,22.193,54.521,22.376,37.36,65.584,68.114,71.203,52.055,2.708,61.618,64.623,70.755,11.173,73.14,42.072,59.294,67.794,13.884,96.383,20.625
30.10.2024 11:00,26.814,36.474,86.731,26.993,84.01,51.927,24.756,34.684,33.844,40.68,75.008,68.47,47.905,60.457,71.374,8.526,33.618,44.708,86.232,17.178,28.745,61.503,22.151,34.564,71.6,63.296,74.28,72.462,2.855,64.983,48.256,66.202,10.896,78.655,33.222,84.733,49.447,13.142,85.125,22.28
30.10.2024 11:15,21.469,32.82,77.443,25.432,71.169,39.96,27.63,45.463,27.483,44.19,96.004,50.105,65.528,77.021,98.313,6.924,48.596,35.494,74.07,14.713,25.859,51.46,19.177,29.655,62.631,63.434,64.765,61.569,2.793,64.848,56.895,78.592,12.199,66.705,32.237,76.467,56.791,12.297,77.98,17.275
30.10.2024 11:30,21.157,35.27,69.512,21.023,73.434,46.073,19.179,47.44,38.014,51.401,69.52,49.678,52.022,58.675,97.035,8.277,37.205,36.025,70.589,18.325,29.229,67.163,19.028,31.599,58.454,61.502,91.437,67.398,3.29,61.036,48.95,75.437,11.213,77.105,31.005,86.062,59.234,10.328,69.416,17.904
30.10.2024 11:45,27.124,35.084,65.059,23.696,68.601,48.196,24.185,47.122,37.63,38.556,66.489,56.422,59.231,59.426,87.646,7.814,32.59,44.485,75.057,16.683,25.259,68.819,26.325,28.905,69.789,56.305,78.307,59.462,3.076,63.104,56.199,67.665,11.929,53.39,39.039,70.519,58.125,12.423,94.569,19.179
30.10.2024 12:00,20.501,37.818,76.668,28.252,70.234,40.536,20.375,43.633,34.382,39.657,76.414,59.462,54.618,62.59,99.777,6.392,33.034,32.807,62.573,14.691,20.504,50.138,20.806,26.395,55.339,59.215,81.864,66.484,3.094,85.651,46.074,66.824,11.117,59.878,30.084,80.157,53.23,12.03,87.906,21.171
30.10.2024 12:15,27.365,40.244,61.652,26.486,68.048,44.44,23.075,47.135,36.539,41.929,87.059,64.837,50.891,74.633,97.94,8.381,40.216,37.417,59.622,14.435,20.528,65.61,22.592,26.473,48.79,61.432,62.101,54.464,2.283,76.539,56.873,66.98,12.838,55.171,39.045,56.869,50.793,11.695,69.64,21.171
30.10.2024 12:30,25.61,31.074,58.21,26.159,75.12,46.026,22.218,39.057,34.239,45.334,74.219,61.218,55.462,53.845,82.874,6.189,32.49,30.273,65.581,16.947,27.553,62.94,20.119,25.503,55.928,59.888,60.199,47.622,2.913,64.759,42.021,62.381,9.146,53.068,34.76,62.775,45.07,10.912,61.597,19.22
30.10.2024 12:45,19.126,26.424,65.772,25.126,74.116,39.946,17.798,43.961,33.43,38.518,82.345,54.126,59.937,51.992,83.086,8.155,30.107,34.061,58.915,14.529,24.368,51.695,24.984,28.376,61.796,63.457,73.579,67.344,2.463,75.886,55.911,71.579,11.006,50.182,36.665,53.896,49.195,10.755,59.357,14.199
30.10.2024 13:00,18.505,31.162,57.44,20.766,82.177,46.051,17.596,43.199,29.319,45.793,76.649,48.543,40.047,58.946,92.133,5.283,33.865,37.792,57.298,14.746,17.676,57.172,18.534,31.216,43.476,52.29,79.311,44.445,1.976,65.219,52.932,67.564,10.633,59.306,31.225,74.853,42.95,9.584,59.042,17.525
30.10.2024 13:15,25.463,30.47,63.258,18.102,58.776,45.122,20.054,39.757,25.256,31.426,59.514,61.387,54.934,51.612,67.829,5.714,35.819,28.074,70.87,12.652,22.372,40.773,19.138,30.013,53.112,57.774,66.686,59.716,1.93,53.857,47.897,59.671,9.44,60.338,31.601,67.989,52.135,9.928,68.935,15.181
30.10.2024 13:30,19.324,24.755,48.588,18.681,67.426,35.19,15.52,30.749,23.172,33.913,75.726,47.378,46.815,55.522,65.417,5.294,27.507,36.985,59.141,11.114,19.027,56.979,21.593,20.185,50.809,52.267,72.429,43.728,2.392,69.137,35.249,55.894,9.14,53.323,29.372,65.642,40.186,8.262,74.581,14.836
30.10.2024 13:45,18.295,29.839,57.674,22.046,68.094,40.706,15.642,27.686,23.04,36.691,50.108,45.33,47.697,50.175,58.188,4.589,28.543,35.277,54.98,12.911,17.232,46.933,20.247,19.347,54.313,56.858,67.056,45.664,2.007,53.075,35.664,52.207,10.01,42.043,30.106,64.023,35.495,9.993,60.201,11.651
30.10.2024 14:00,20.429,30.32,46.613,21.809,58.159,28.347,18.398,30.187,24.474,28.332,66.223,37.6,38.063,46.828,72.579,5.851,28.047,23.983,55.981,11.637,15.118,45.313,14.652,19.625,39.855,43.03,46.584,50.629,2.28,57.556,43.401,47.375,7.662,51.729,28.383,42.704,41.397,7.322,64.415,11.707
30.10.2024 14:15,19.974,27.878,38.047,17.006,47.732,35.627,14.069,27.077,18.863,31.499,49.056,45.255,36.773,37.841,64.119,5.373,23.351,31.747,57.272,10.418,18.57,42.93,17.52,18.365,37.015,48.764,46.091,36.866,2.026,45.511,30.017,40.322,8.987,45.191,24.19,45.527,39.258,6.513,51.631,13.892
30.10.2024 14:30,18.698,19.182,37.325,12.646,44.187,24.932,13.876,29.306,18.106,23.674,49.097,40.242,39.375,35.389,45.407,5.139,25.013,22.498,37.832,10.101,12.449,38.068,14.193,15.739,36.577,43.738,51.381,44.182,1.382,45.824,28.143,40.461,8.363,37.769,22.723,36.467,40.121,7.026,52.745,11.27
30.10.2024 14:45,15.749,22.891,46.949,12.283,36.323,21.997,14.957,19.503,18.058,20.508,43.376,30.257,30.225,42.519,58.669,3.787,18.99,18.61,46.31,7.766,12.595,38.715,13.09,16.363,32.219,37.298,43.131,35.115,1.675,47.069,30.293,37.765,6.979,38.564,23.04,35.504,32.867,6.997,48.509,9.639
30.10.2024 15:00,12.244,19.361,41.269,11.988,36.934,25.087,10.185,18.857,14.707,19.024,34.971,25.516,28.531,39.112,48.35,3.689,16.77,16.1,38.003,8.854,11.407,31.803,10.127,15.941,33.645,33.756,36.408,29.912,1.229,32.414,24.361,37.282,6.566,29.306,20.814,32.201,26.933,5.776,34.712,8.977
30.10.2024 15:15,9.506,15.527,28.417,11.771,38.871,20.748,9.658,20.317,15.085,23.227,33.559,29.034,20.101,26.768,44.636,3.547,18.263,17.093,27.919,8.275,9.446,31.318,8.741,14.037,28.717,23.432,34.023,29.748,1.201,39.548,21.047,35.885,5.469,26.879,16.762,31.529,28.485,4.773,33.322,9.5
30.10.2024 15:30,10.975,13.898,30.564,8.192,25.076,21.1,9.107,13.374,14.743,17.488,26.98,24.862,18.57,21.886,27.747,2.813,14.095,16.136,25.855,7.03,9.479,24.045,9.923,11.972,25.936,28.671,29.78,22.616,1.125,23.774,21.102,26.803,4.57,28.908,10.943,25.05,22.348,4.641,32.175,7.91
30.10.2024 15:45,8.502,13.084,24.088,9.756,22.817,14.391,8.08,12.436,11.646,16.083,22.756,17.873,19.076,17.847,28.504,2.61,11.035,12.01,23.469,4.748,6.381,16.966,7.633,9.239,22.257,17.186,29.796,19.029,1.034,24.423,16.321,27.659,4.506,19.047,9.646,19.476,15.374,3.577,21.202,5.487
30.10.2024 16:00,6.495,9.162,22.075,6.31,22.391,11.205,6.846,10.293,9.102,10.794,18.168,18.669,15.787,18.238,24.725,2.051,10.279,11.753,20.488,3.968,5.872,18.317,6.004,8.602,18.567,16.824,17.352,17.828,0.711,22.612,11.853,21.373,2.79,16.525,10.563,16.17,15.286,3.601,19.453,4.114
30.10.2024 16:15,5.877,6.603,13.286,5.855,17.346,9.227,5.18,8.519,6.649,9.035,15.572,10.252,11.304,14.3,17.563,1.24,9.318,8.477,12.871,3.497,5.638,12.697,5.073,6.765,11.634,11.52,14.187,11.346,0.613,17.204,10.577,17.0,1.983,14.563,5.816,12.069,13.068,2.706,15.726,3.295
30.10.2024 16:30,2.86,4.638,10.036,3.739,10.235,6.058,3.298,4.687,4.287,5.812,11.702,7.752,6.273,8.354,12.324,1.09,5.827,4.903,9.735,2.166,2.969,8.544,3.442,3.754,9.553,8.032,10.575,7.227,0.406,8.715,6.663,10.955,1.408,9.121,4.138,11.175,7.21,1.551,12.426,2.857
30.10.2024 16:45,1.694,2.402,3.868,1.856,5.633,2.895,1.325,3.111,1.889,3.436,5.379,4.698,3.584,4.724,6.526,0.534,3.018,2.856,5.168,1.067,1.518,4.731,1.348,1.671,3.552,4.321,5.64,4.616,0.176,4.191,3.824,4.992,0.806,3.478,2.093,5.195,3.465,0.723,5.138,1.264
30.10.2024 17:00,0.0,0.0,0.0,0.0,0.0,0.0,0.0,0.0,0.0,0.0,0.0,0.0,0.0,0.0,0.0,0.0,0.0,0.0,0.0,0.0,0.0,0.0,0.0,0.0,0.0,0.0,0.0,0.0,0.0,0.0,0.0,0.0,0.0,0.0,0.0,0.0,0.0,0.0,0.0,0.0
30.10.2024 17:15,0.0,0.0,0.0,0.0,0.0,0.0,0.0,0.0,0.0,0.0,0.0,0.0,0.0,0.0,0.0,0.0,0.0,0.0,0.0,0.0,0.0,0.0,0.0,0.0,0.0,0.0,0.0,0.0,0.0,0.0,0.0,0.0,0.0,0.0,0.0,0.0,0.0,0.0,0.0,0.0
30.10.2024 17:30,0.0,0.0,0.0,0.0,0.0,0.0,0.0,0.0,0.0,0.0,0.0,0.0,0.0,0.0,0.0,0.0,0.0,0.0,0.0,0.0,0.0,0.0,0.0,0.0,0.0,0.0,0.0,0.0,0.0,0.0,0.0,0.0,0.0,0.0,0.0,0.0,0.0,0.0,0.0,0.0
30.10.2024 17:45,0.0,0.0,0.0,0.0,0.0,0.0,0.0,0.0,0.0,0.0,0.0,0.0,0.0,0.0,0.0,0.0,0.0,0.0,0.0,0.0,0.0,0.0,0.0,0.0,0.0,0.0,0.0,0.0,0.0,0.0,0.0,0.0,0.0,0.0,0.0,0.0,0.0,0.0,0.0,0.0
30.10.2024 18:00,0.0,0.0,0.0,0.0,0.0,0.0,0.0,0.0,0.0,0.0,0.0,0.0,0.0,0.0,0.0,0.0,0.0,0.0,0.0,0.0,0.0,0.0,0.0,0.0,0.0,0.0,0.0,0.0,0.0,0.0,0.0,0.0,0.0,0.0,0.0,0.0,0.0,0.0,0.0,0.0
30.10.2024 18:15,0.0,0.0,0.0,0.0,0.0,0.0,0.0,0.0,0.0,0.0,0.0,0.0,0.0,0.0,0.0,0.0,0.0,0.0,0.0,0.0,0.0,0.0,0.0,0.0,0.0,0.0,0.0,0.0,0.0,0.0,0.0,0.0,0.0,0.0,0.0,0.0,0.0,0.0,0.0,0.0
30.10.2024 18:30,0.0,0.0,0.0,0.0,0.0,0.0,0.0,0.0,0.0,0.0,0.0,0.0,0.0,0.0,0.0,0.0,0.0,0.0,0.0,0.0,0.0,0.0,0.0,0.0,0.0,0.0,0.0,0.0,0.0,0.0,0.0,0.0,0.0,0.0,0.0,0.0,0.0,0.0,0.0,0.0
30.10.2024 18:45,0.0,0.0,0.0,0.0,0.0,0.0,0.0,0.0,0.0,0.0,0.0,0.0,0.0,0.0,0.0,0.0,0.0,0.0,0.0,0.0,0.0,0.0,0.0,0.0,0.0,0.0,0.0,0.0,0.0,0.0,0.0,0.0,0.0,0.0,0.0,0.0,0.0,0.0,0.0,0.0
30.10.2024 19:00,0.0,0.0,0.0,0.0,0.0,0.0,0.0,0.0,0.0,0.0,0.0,0.0,0.0,0.0,0.0,0.0,0.0,0.0,0.0,0.0,0.0,0.0,0.0,0.0,0.0,0.0,0.0,0.0,0.0,0.0,0.0,0.0,0.0,0.0,0.0,0.0,0.0,0.0,0.0,0.0
30.10.2024 19:15,0.0,0.0,0.0,0.0,0.0,0.0,0.0,0.0,0.0,0.0,0.0,0.0,0.0,0.0,0.0,0.0,0.0,0.0,0.0,0.0,0.0,0.0,0.0,0.0,0.0,0.0,0.0,0.0,0.0,0.0,0.0,0.0,0.0,0.0,0.0,0.0,0.0,0.0,0.0,0.0
30.10.2024 19:30,0.0,0.0,0.0,0.0,0.0,0.0,0.0,0.0,0.0,0.0,0.0,0.0,0.0,0.0,0.0,0.0,0.0,0.0,0.0,0.0,0.0,0.0,0.0,0.0,0.0,0.0,0.0,0.0,0.0,0.0,0.0,0.0,0.0,0.0,0.0,0.0,0.0,0.0,0.0,0.0
30.10.2024 19:45,0.0,0.0,0.0,0.0,0.0,0.0,0.0,0.0,0.0,0.0,0.0,0.0,0.0,0.0,0.0,0.0,0.0,0.0,0.0,0.0,0.0,0.0,0.0,0.0,0.0,0.0,0.0,0.0,0.0,0.0,0.0,0.0,0.0,0.0,0.0,0.0,0.0,0.0,0.0,0.0
30.10.2024 20:00,0.0,0.0,0.0,0.0,0.0,0.0,0.0,0.0,0.0,0.0,0.0,0.0,0.0,0.0,0.0,0.0,0.0,0.0,0.0,0.0,0.0,0.0,0.0,0.0,0.0,0.0,0.0,0.0,0.0,0.0,0.0,0.0,0.0,0.0,0.0,0.0,0.0,0.0,0.0,0.0
30.10.2024 20:15,0.0,0.0,0.0,0.0,0.0,0.0,0.0,0.0,0.0,0.0,0.0,0.0,0.0,0.0,0.0,0.0,0.0,0.0,0.0,0.0,0.0,0.0,0.0,0.0,0.0,0.0,0.0,0.0,0.0,0.0,0.0,0.0,0.0,0.0,0.0,0.0,0.0,0.0,0.0,0.0
30.10.2024 20:30,0.0,0.0,0.0,0.0,0.0,0.0,0.0,0.0,0.0,0.0,0.0,0.0,0.0,0.0,0.0,0.0,0.0,0.0,0.0,0.0,0.0,0.0,0.0,0.0,0.0,0.0,0.0,0.0,0.0,0.0,0.0,0.0,0.0,0.0,0.0,0.0,0.0,0.0,0.0,0.0
30.10.2024 20:45,0.0,0.0,0.0,0.0,0.0,0.0,0.0,0.0,0.0,0.0,0.0,0.0,0.0,0.0,0.0,0.0,0.0,0.0,0.0,0.0,0.0,0.0,0.0,0.0,0.0,0.0,0.0,0.0,0.0,0.0,0.0,0.0,0.0,0.0,0.0,0.0,0.0,0.0,0.0,0.0
30.10.2024 21:00,0.0,0.0,0.0,0.0,0.0,0.0,0.0,0.0,0.0,0.0,0.0,0.0,0.0,0.0,0.0,0.0,0.0,0.0,0.0,0.0,0.0,0.0,0.0,0.0,0.0,0.0,0.0,0.0,0.0,0.0,0.0,0.0,0.0,0.0,0.0,0.0,0.0,0.0,0.0,0.0
30.10.2024 21:15,0.0,0.0,0.0,0.0,0.0,0.0,0.0,0.0,0.0,0.0,0.0,0.0,0.0,0.0,0.0,0.0,0.0,0.0,0.0,0.0,0.0,0.0,0.0,0.0,0.0,0.0,0.0,0.0,0.0,0.0,0.0,0.0,0.0,0.0,0.0,0.0,0.0,0.0,0.0,0.0
30.10.2024 21:30,0.0,0.0,0.0,0.0,0.0,0.0,0.0,0.0,0.0,0.0,0.0,0.0,0.0,0.0,0.0,0.0,0.0,0.0,0.0,0.0,0.0,0.0,0.0,0.0,0.0,0.0,0.0,0.0,0.0,0.0,0.0,0.0,0.0,0.0,0.0,0.0,0.0,0.0,0.0,0.0
30.10.2024 21:45,0.0,0.0,0.0,0.0,0.0,0.0,0.0,0.0,0.0,0.0,0.0,0.0,0.0,0.0,0.0,0.0,0.0,0.0,0.0,0.0,0.0,0.0,0.0,0.0,0.0,0.0,0.0,0.0,0.0,0.0,0.0,0.0,0.0,0.0,0.0,0.0,0.0,0.0,0.0,0.0
30.10.2024 22:00,0.0,0.0,0.0,0.0,0.0,0.0,0.0,0.0,0.0,0.0,0.0,0.0,0.0,0.0,0.0,0.0,0.0,0.0,0.0,0.0,0.0,0.0,0.0,0.0,0.0,0.0,0.0,0.0,0.0,0.0,0.0,0.0,0.0,0.0,0.0,0.0,0.0,0.0,0.0,0.0
30.10.2024 22:15,0.0,0.0,0.0,0.0,0.0,0.0,0.0,0.0,0.0,0.0,0.0,0.0,0.0,0.0,0.0,0.0,0.0,0.0,0.0,0.0,0.0,0.0,0.0,0.0,0.0,0.0,0.0,0.0,0.0,0.0,0.0,0.0,0.0,0.0,0.0,0.0,0.0,0.0,0.0,0.0
30.10.2024 22:30,0.0,0.0,0.0,0.0,0.0,0.0,0.0,0.0,0.0,0.0,0.0,0.0,0.0,0.0,0.0,0.0,0.0,0.0,0.0,0.0,0.0,0.0,0.0,0.0,0.0,0.0,0.0,0.0,0.0,0.0,0.0,0.0,0.0,0.0,0.0,0.0,0.0,0.0,0.0,0.0
30.10.2024 22:45,0.0,0.0,0.0,0.0,0.0,0.0,0.0,0.0,0.0,0.0,0.0,0.0,0.0,0.0,0.0,0.0,0.0,0.0,0.0,0.0,0.0,0.0,0.0,0.0,0.0,0.0,0.0,0.0,0.0,0.0,0.0,0.0,0.0,0.0,0.0,0.0,0.0,0.0,0.0,0.0
30.10.2024 23:00,0.0,0.0,0.0,0.0,0.0,0.0,0.0,0.0,0.0,0.0,0.0,0.0,0.0,0.0,0.0,0.0,0.0,0.0,0.0,0.0,0.0,0.0,0.0,0.0,0.0,0.0,0.0,0.0,0.0,0.0,0.0,0.0,0.0,0.0,0.0,0.0,0.0,0.0,0.0,0.0
30.10.2024 23:15,0.0,0.0,0.0,0.0,0.0,0.0,0.0,0.0,0.0,0.0,0.0,0.0,0.0,0.0,0.0,0.0,0.0,0.0,0.0,0.0,0.0,0.0,0.0,0.0,0.0,0.0,0.0,0.0,0.0,0.0,0.0,0.0,0.0,0.0,0.0,0.0,0.0,0.0,0.0,0.0
30.10.2024 23:30,0.0,0.0,0.0,0.0,0.0,0.0,0.0,0.0,0.0,0.0,0.0,0.0,0.0,0.0,0.0,0.0,0.0,0.0,0.0,0.0,0.0,0.0,0.0,0.0,0.0,0.0,0.0,0.0,0.0,0.0,0.0,0.0,0.0,0.0,0.0,0.0,0.0,0.0,0.0,0.0
30.10.2024 23:45,0.0,0.0,0.0,0.0,0.0,0.0,0.0,0.0,0.0,0.0,0.0,0.0,0.0,0.0,0.0,0.0,0.0,0.0,0.0,0.0,0.0,0.0,0.0,0.0,0.0,0.0,0.0,0.0,0.0,0.0,0.0,0.0,0.0,0.0,0.0,0.0,0.0,0.0,0.0,0.0
31.10.2024 00:00,0.0,0.0,0.0,0.0,0.0,0.0,0.0,0.0,0.0,0.0,0.0,0.0,0.0,0.0,0.0,0.0,0.0,0.0,0.0,0.0,0.0,0.0,0.0,0.0,0.0,0.0,0.0,0.0,0.0,0.0,0.0,0.0,0.0,0.0,0.0,0.0,0.0,0.0,0.0,0.0
31.10.2024 00:15,0.0,0.0,0.0,0.0,0.0,0.0,0.0,0.0,0.0,0.0,0.0,0.0,0.0,0.0,0.0,0.0,0.0,0.0,0.0,0.0,0.0,0.0,0.0,0.0,0.0,0.0,0.0,0.0,0.0,0.0,0.0,0.0,0.0,0.0,0.0,0.0,0.0,0.0,0.0,0.0
31.10.2024 00:30,0.0,0.0,0.0,0.0,0.0,0.0,0.0,0.0,0.0,0.0,0.0,0.0,0.0,0.0,0.0,0.0,0.0,0.0,0.0,0.0,0.0,0.0,0.0,0.0,0.0,0.0,0.0,0.0,0.0,0.0,0.0,0.0,0.0,0.0,0.0,0.0,0.0,0.0,0.0,0.0
31.10.2024 00:45,0.0,0.0,0.0,0.0,0.0,0.0,0.0,0.0,0.0,0.0,0.0,0.0,0.0,0.0,0.0,0.0,0.0,0.0,0.0,0.0,0.0,0.0,0.0,0.0,0.0,0.0,0.0,0.0,0.0,0.0,0.0,0.0,0.0,0.0,0.0,0.0,0.0,0.0,0.0,0.0
31.10.2024 01:00,0.0,0.0,0.0,0.0,0.0,0.0,0.0,0.0,0.0,0.0,0.0,0.0,0.0,0.0,0.0,0.0,0.0,0.0,0.0,0.0,0.0,0.0,0.0,0.0,0.0,0.0,0.0,0.0,0.0,0.0,0.0,0.0,0.0,0.0,0.0,0.0,0.0,0.0,0.0,0.0
31.10.2024 01:15,0.0,0.0,0.0,0.0,0.0,0.0,0.0,0.0,0.0,0.0,0.0,0.0,0.0,0.0,0.0,0.0,0.0,0.0,0.0,0.0,0.0,0.0,0.0,0.0,0.0,0.0,0.0,0.0,0.0,0.0,0.0,0.0,0.0,0.0,0.0,0.0,0.0,0.0,0.0,0.0
31.10.2024 01:30,0.0,0.0,0.0,0.0,0.0,0.0,0.0,0.0,0.0,0.0,0.0,0.0,0.0,0.0,0.0,0.0,0.0,0.0,0.0,0.0,0.0,0.0,0.0,0.0,0.0,0.0,0.0,0.0,0.0,0.0,0.0,0.0,0.0,0.0,0.0,0.0,0.0,0.0,0.0,0.0
31.10.2024 01:45,0.0,0.0,0.0,0.0,0.0,0.0,0.0,0.0,0.0,0.0,0.0,0.0,0.0,0.0,0.0,0.0,0.0,0.0,0.0,0.0,0.0,0.0,0.0,0.0,0.0,0.0,0.0,0.0,0.0,0.0,0.0,0.0,0.0,0.0,0.0,0.0,0.0,0.0,0.0,0.0
31.10.2024 02:00,0.0,0.0,0.0,0.0,0.0,0.0,0.0,0.0,0.0,0.0,0.0,0.0,0.0,0.0,0.0,0.0,0.0,0.0,0.0,0.0,0.0,0.0,0.0,0.0,0.0,0.0,0.0,0.0,0.0,0.0,0.0,0.0,0.0,0.0,0.0,0.0,0.0,0.0,0.0,0.0
31.10.2024 02:15,0.0,0.0,0.0,0.0,0.0,0.0,0.0,0.0,0.0,0.0,0.0,0.0,0.0,0.0,0.0,0.0,0.0,0.0,0.0,0.0,0.0,0.0,0.0,0.0,0.0,0.0,0.0,0.0,0.0,0.0,0.0,0.0,0.0,0.0,0.0,0.0,0.0,0.0,0.0,0.0
31.10.2024 02:30,0.0,0.0,0.0,0.0,0.0,0.0,0.0,0.0,0.0,0.0,0.0,0.0,0.0,0.0,0.0,0.0,0.0,0.0,0.0,0.0,0.0,0.0,0.0,0.0,0.0,0.0,0.0,0.0,0.0,0.0,0.0,0.0,0.0,0.0,0.0,0.0,0.0,0.0,0.0,0.0
31.10.2024 02:45,0.0,0.0,0.0,0.0,0.0,0.0,0.0,0.0,0.0,0.0,0.0,0.0,0.0,0.0,0.0,0.0,0.0,0.0,0.0,0.0,0.0,0.0,0.0,0.0,0.0,0.0,0.0,0.0,0.0,0.0,0.0,0.0,0.0,0.0,0.0,0.0,0.0,0.0,0.0,0.0
31.10.2024 03:00,0.0,0.0,0.0,0.0,0.0,0.0,0.0,0.0,0.0,0.0,0.0,0.0,0.0,0.0,0.0,0.0,0.0,0.0,0.0,0.0,0.0,0.0,0.0,0.0,0.0,0.0,0.0,0.0,0.0,0.0,0.0,0.0,0.0,0.0,0.0,0.0,0.0,0.0,0.0,0.0
31.10.2024 03:15,0.0,0.0,0.0,0.0,0.0,0.0,0.0,0.0,0.0,0.0,0.0,0.0,0.0,0.0,0.0,0.0,0.0,0.0,0.0,0.0,0.0,0.0,0.0,0.0,0.0,0.0,0.0,0.0,0.0,0.0,0.0,0.0,0.0,0.0,0.0,0.0,0.0,0.0,0.0,0.0
31.10.2024 03:30,0.0,0.0,0.0,0.0,0.0,0.0,0.0,0.0,0.0,0.0,0.0,0.0,0.0,0.0,0.0,0.0,0.0,0.0,0.0,0.0,0.0,0.0,0.0,0.0,0.0,0.0,0.0,0.0,0.0,0.0,0.0,0.0,0.0,0.0,0.0,0.0,0.0,0.0,0.0,0.0
31.10.2024 03:45,0.0,0.0,0.0,0.0,0.0,0.0,0.0,0.0,0.0,0.0,0.0,0.0,0.0,0.0,0.0,0.0,0.0,0.0,0.0,0.0,0.0,0.0,0.0,0.0,0.0,0.0,0.0,0.0,0.0,0.0,0.0,0.0,0.0,0.0,0.0,0.0,0.0,0.0,0.0,0.0
31.10.2024 04:00,0.0,0.0,0.0,0.0,0.0,0.0,0.0,0.0,0.0,0.0,0.0,0.0,0.0,0.0,0.0,0.0,0.0,0.0,0.0,0.0,0.0,0.0,0.0,0.0,0.0,0.0,0.0,0.0,0.0,0.0,0.0,0.0,0.0,0.0,0.0,0.0,0.0,0.0,0.0,0.0
31.10.2024 04:15,0.0,0.0,0.0,0.0,0.0,0.0,0.0,0.0,0.0,0.0,0.0,0.0,0.0,0.0,0.0,0.0,0.0,0.0,0.0,0.0,0.0,0.0,0.0,0.0,0.0,0.0,0.0,0.0,0.0,0.0,0.0,0.0,0.0,0.0,0.0,0.0,0.0,0.0,0.0,0.0
31.10.2024 04:30,0.0,0.0,0.0,0.0,0.0,0.0,0.0,0.0,0.0,0.0,0.0,0.0,0.0,0.0,0.0,0.0,0.0,0.0,0.0,0.0,0.0,0.0,0.0,0.0,0.0,0.0,0.0,0.0,0.0,0.0,0.0,0.0,0.0,0.0,0.0,0.0,0.0,0.0,0.0,0.0
31.10.2024 04:45,0.0,0.0,0.0,0.0,0.0,0.0,0.0,0.0,0.0,0.0,0.0,0.0,0.0,0.0,0.0,0.0,0.0,0.0,0.0,0.0,0.0,0.0,0.0,0.0,0.0,0.0,0.0,0.0,0.0,0.0,0.0,0.0,0.0,0.0,0.0,0.0,0.0,0.0,0.0,0.0
31.10.2024 05:00,0.0,0.0,0.0,0.0,0.0,0.0,0.0,0.0,0.0,0.0,0.0,0.0,0.0,0.0,0.0,0.0,0.0,0.0,0.0,0.0,0.0,0.0,0.0,0.0,0.0,0.0,0.0,0.0,0.0,0.0,0.0,0.0,0.0,0.0,0.0,0.0,0.0,0.0,0.0,0.0
31.10.2024 05:15,1.622,2.019,4.082,1.799,5.277,2.785,1.371,2.271,2.784,2.677,4.392,3.315,3.79,3.603,5.195,0.532,2.63,3.003,5.019,0.945,1.51,4.319,1.76,1.899,4.034,3.808,6.847,3.659,0.154,3.96,4.001,5.129,0.839,4.494,2.605,4.815,3.9,0.913,5.319,1.355
31.10.2024 05:30,4.362,3.855,8.504,3.28,11.625,5.377,3.332,6.055,4.548,5.896,8.708,8.056,7.898,9.697,11.876,0.797,6.179,4.199,9.893,2.242,2.537,9.177,3.467,4.275,8.526,7.914,12.451,7.144,0.414,10.349,7.288,10.02,1.797,7.417,6.064,10.599,9.278,1.546,9.533,1.975
31.10.2024 05:45,6.329,7.502,16.674,4.876,17.542,7.186,3.911,8.455,8.332,8.66,12.979,10.232,8.973,15.148,18.674,1.595,10.049,7.556,15.268,3.859,4.435,12.45,4.35,6.265,14.72,11.677,18.969,11.797,0.578,15.085,9.362,16.485,2.437,13.028,8.447,14.426,12.677,2.665,18.095,4.048
31.10.2024 06:00,8.783,8.059,19.012,7.38,18.217,10.606,5.184,10.718,10.593,10.809,17.073,14.479,14.501,19.755,27.909,2.125,9.953,10.98,17.102,4.719,6.253,15.709,7.818,7.145,19.661,17.464,23.458,16.002,0.844,18.645,12.281,21.533,3.276,17.458,10.566,19.096,18.638,3.307,19.877,4.349
31.10.2024 06:15,10.087,12.268,22.185,9.9,31.435,12.595,6.521,12.573,11.583,13.56,22.472,23.988,15.047,19.996,25.51,2.542,11.84,10.671,26.176,5.908,9.168,15.447,9.259,8.011,20.091,17.362,31.372,21.621,0.822,21.263,19.793,26.988,4.144,17.59,11.018,27.152,21.593,4.16,24.744,5.069
31.10.2024 06:30,11.523,12.988,32.135,10.805,35.651,18.321,8.806,16.243,14.892,14.8,27.546,20.516,19.058,23.654,34.43,2.598,19.547,14.626,28.485,5.94,10.889,21.432,8.384,10.272,27.85,20.465,38.82,22.265,1.252,27.479,19.381,29.024,4.102,24.845,13.042,26.939,27.248,5.514,30.41,6.202
31.10.2024 06:45,12.331,15.183,30.999,13.682,32.253,17.562,9.499,17.568,15.703,18.866,40.879,27.697,25.829,23.933,47.929,3.263,22.905,20.645,30.055,7.312,9.336,26.764,12.708,11.168,26.069,30.099,39.063,26.229,1.072,37.556,21.449,31.65,5.422,31.038,17.553,37.77,29.439,5.284,39.958,7.738
31.10.2024 07:00,16.915,17.558,34.214,12.301,36.219,23.17,12.007,23.446,18.69,25.65,40.24,32.856,32.729,35.267,50.948,3.129,20.263,19.338,39.584,10.033,10.579,32.992,13.515,13.593,30.421,32.61,46.604,30.801,1.393,41.949,28.407,44.669,6.753,31.646,21.645,35.996,30.968,6.08,43.383,8.142
31.10.2024 07:15,18.376,18.724,35.989,15.236,39.198,26.372,14.163,24.073,16.735,27.512,51.815,37.741,36.627,37.486,49.053,4.074,23.563,26.353,35.805,8.179,11.644,31.956,12.307,14.885,30.909,34.624,50.222,32.321,1.419,48.36,35.468,34.821,6.069,28.325,24.25,38.759,42.227,8.54,42.194,9.324
31.10.2024 07:30,14.374,18.219,42.543,16.27,43.284,25.638,14.335,29.874,24.069,22.691,45.094,39.231,28.858,39.873,66.927,4.055,28.953,19.91,47.134,12.264,16.456,42.517,15.946,19.018,34.627,33.644,55.649,43.103,2.036,41.603,31.663,40.055,8.4,31.003,21.5,44.842,39.809,6.591,51.291,9.398
31.10.2024 07:45,15.428,21.717,44.961,14.495,60.355,24.592,12.799,28.651,19.883,23.257,50.604,33.417,36.58,51.089,63.654,4.601,27.524,28.518,44.851,11.538,12.826,35.348,17.478,23.07,45.19,40.87,68.064,45.666,2.078,46.64,34.329,48.855,8.239,39.413,21.968,54.771,44.266,8.646,52.858,10.946
31.10.2024 08:00,19.407,26.887,55.809,19.797,58.272,26.403,18.26,27.079,29.313,36.054,51.344,41.552,41.949,40.876,68.547,4.545,36.527,29.069,46.335,14.127,14.594,45.805,16.357,22.489,45.886,50.781,59.566,42.163,1.671,42.329,45.927,56.709,8.18,52.5,26.743,45.288,40.52,10.886,54.644,13.149
31.10.2024 08:15,24.405,28.638,50.825,21.956,69.945,27.926,14.991,36.733,31.308,33.027,51.277,47.892,37.13,40.317,87.016,4.987,28.509,29.97,68.882,12.264,18.525,42.935,23.681,26.055,43.439,56.001,59.436,36.523,1.766,65.661,37.088,46.412,9.428,42.537,34.788,49.839,51.011,10.391,51.121,13.271
31.10.2024 08:30,27.37,25.944,60.464,22.608,72.969,39.838,15.019,34.821,26.205,35.012,53.139,41.98,50.541,43.921,91.1,4.904,29.15,37.607,75.2,13.047,17.322,46.571,24.201,26.154,49.463,55.344,69.837,55.892,2.129,54.884,47.779,66.444,9.12,53.085,32.005,70.801,52.785,10.714,60.646,13.457
31.10.2024 08:45,20.646,29.289,50.879,25.065,72.665,35.338,15.303,31.545,28.573,40.217,76.554,49.619,52.644,49.399,76.566,7.232,33.175,28.281,59.783,16.073,16.912,55.037,23.776,26.857,51.299,44.272,65.859,42.895,2.091,59.415,56.667,65.651,11.309,46.955,30.557,54.797,47.055,9.938,57.953,16.505
31.10.2024 09:00,25.934,27.23,56.302,24.584,78.208,44.408,19.551,39.123,31.829,34.879,80.893,44.78,58.103,47.089,72.525,6.533,35.84,40.094,71.762,16.927,19.88,46.981,22.865,24.755,67.392,59.863,77.683,47.205,2.678,74.911,56.87,66.531,10.317,51.129,31.855,67.493,46.252,10.798,78.372,18.111
31.10.2024 09:15,24.64,28.449,64.165,20.506,60.969,40.002,16.697,36.473,34.547,38.743,57.376,47.493,41.693,60.076,81.767,6.413,34.374,38.625,66.799,14.018,19.855,44.443,23.212,24.69,66.8,52.101,93.568,46.88,2.814,67.467,42.828,67.337,12.504,64.996,30.246,70.347,60.631,13.633,65.055,17.87
31.10.2024 09:30,31.646,26.854,80.772,21.676,72.074,41.575,17.406,45.403,31.393,47.754,62.176,56.517,47.477,57.264,73.684,6.994,34.687,33.433,75.469,19.229,22.6,55.046,26.301,31.141,57.7,55.531,86.951,48.91,3.208,70.65,49.744,72.255,11.159,64.194,36.11,70.081,66.341,12.62,84.75,15.571
31.10.2024 09:45,31.021,39.457,67.126,27.312,84.454,43.663,19.188,40.206,36.519,44.074,71.853,51.636,62.167,55.351,75.309,7.438,47.519,44.062,75.727,13.801,27.503,56.631,25.9,32.583,72.311,54.064,97.284,64.463,3.305,61.466,47.183,63.671,12.141,50.557,41.73,76.454,62.138,12.729,74.564,18.783
31.10.2024 10:00,31.578,30.754,76.867,24.461,65.751,48.1,19.42,45.659,33.061,36.251,66.151,63.526,60.002,71.274,91.241,8.443,38.144,37.67,72.067,13.949,20.02,63.922,21.416,28.052,59.421,69.819,75.323,60.521,3.043,72.058,66.395,63.481,13.975,59.817,45.219,65.882,55.978,10.856,79.055,15.025
31.10.2024 10:15,27.865,31.504,66.184,22.752,67.681,40.939,22.511,35.696,30.068,36.474,72.657,67.692,66.143,58.064,113.958,6.398,52.246,44.361,87.244,17.743,22.724,68.906,26.504,23.342,68.852,67.751,102.467,70.431,2.335,85.536,68.398,70.13,10.178,50.784,38.644,76.732,68.112,10.599,77.608,15.103
31.10.2024 10:30,27.528,32.633,63.217,26.926,96.166,38.631,24.618,41.332,29.647,38.116,66.185,71.388,47.604,71.627,112.678,6.821,42.999,38.108,69.573,18.783,28.409,48.251,29.936,32.803,77.553,67.644,92.935,53.751,2.782,75.891,51.861,84.063,13.135,62.813,33.797,72.226,53.744,15.771,65.728,16.812
31.10.2024 10:45,26.056,30.691,61.688,28.551,91.272,46.859,24.296,51.888,31.343,48.175,76.898,56.552,60.589,63.076,99.373,8.909,48.898,45.829,67.723,20.52,28.081,61.266,26.41,27.02,63.019,69.658,73.063,60.27,2.989,67.39,62.478,80.986,10.348,67.9,42.049,81.728,63.533,12.746,73.851,20.257
31.10.2024 11:00,23.592,38.208,69.36,26.14,77.356,42.767,19.955,49.042,41.786,40.074,71.305,55.938,60.173,67.653,101.902,7.121,40.907,42.526,91.646,16.67,23.442,63.552,22.087,23.822,70.953,58.621,94.909,72.363,2.984,60.893,66.783,77.928,13.785,54.189,43.231,66.021,56.434,14.005,65.429,16.244
31.10.2024 11:15,32.754,30.018,64.896,30.534,91.774,44.811,19.767,37.706,44.267,35.234,73.707,54.303,47.663,78.932,79.654,6.068,41.166,34.502,88.234,13.98,26.393,70.655,29.929,33.182,60.782,64.038,106.163,68.56,3.108,69.968,52.49,80.792,12.601,58.473,32.363,79.26,56.883,11.177,81.631,14.89
31.10.2024 11:30,31.911,30.717,65.088,29.544,94.921,48.27,25.95,39.581,36.078,51.019,65.252,67.719,58.579,54.518,87.561,6.408,47.088,42.477,82.294,17.812,20.306,69.223,23.493,29.596,59.736,68.652,74.307,65.777,3.519,76.636,51.184,80.055,14.191,60.917,44.158,67.074,56.995,14.342,75.711,15.289
31.10.2024 11:45,33.614,37.709,81.92,25.842,77.727,45.014,17.389,40.126,36.982,37.216,74.887,68.905,60.273,66.258,79.296,5.988,46.405,34.797,80.533,15.465,26.123,63.16,23.843,31.238,67.259,68.116,91.293,52.214,3.4,60.264,46.644,71.537,13.716,73.441,43.282,69.33,61.116,15.522,85.089,20.287
31.10.2024 12:00,33.018,32.901,59.021,30.118,67.702,46.597,24.566,45.04,31.143,33.968,90.675,51.039,49.938,74.58,106.415,8.712,49.497,37.77,80.387,16.145,28.226,57.866,22.5,33.404,76.823,71.157,101.484,65.076,2.452,75.922,55.202,64.185,9.796,74.225,37.176,66.619,51.733,13.439,67.029,18.412
31.10.2024 12:15,27.556,37.386,73.557,28.446,95.798,44.376,18.404,46.019,36.303,37.096,69.44,72.459,50.884,66.364,81.392,6.517,48.41,33.363,77.013,16.149,23.643,48.654,23.737,28.56,62.141,57.247,68.559,54.095,2.588,72.053,65.184,87.081,9.909,49.76,37.66,64.385,59.288,10.884,64.103,15.446
31.10.2024 12:30,29.079,34.5,66.891,27.692,74.893,46.649,24.068,44.863,29.796,36.183,83.74,49.503,57.769,57.032,106.348,8.167,45.811,30.369,73.882,13.038,22.738,52.394,27.387,27.458,72.752,67.774,87.533,56.91,3.164,77.64,63.801,76.412,11.786,65.616,38.852,81.485,60.588,12.904,69.581,17.095
31.10.2024 12:45,29.964,29.59,68.537,26.079,65.438,44.75,18.577,39.833,35.236,38.091,80.414,59.635,52.525,58.372,95.26,8.134,40.844,32.295,75.025,15.199,19.346,55.188,24.285,24.401,70.211,58.056,79.897,56.983,3.068,55.009,45.485,77.128,11.096,54.774,37.12,64.118,58.142,13.432,82.215,16.42
31.10.2024 13:00,27.942,33.624,67.798,19.876,74.9,40.492,18.697,43.159,38.239,44.382,80.683,61.508,58.839,63.085,77.693,6.825,46.617,35.81,73.376,14.284,22.519,56.217,20.51,23.721,52.536,61.454,73.119,55.048,2.392,72.898,45.591,68.162,9.243,53.409,26.937,79.449,53.856,11.289,73.584,16.663
31.10.2024 13:15,21.112,25.813,58.872,25.635,80.058,41.121,19.924,35.998,27.492,42.042,73.273,62.709,46.388,65.407,72.296,5.131,40.664,33.687,75.094,15.288,21.29,52.234,25.684,27.64,53.864,54.363,78.54,55.246,2.761,63.53,47.908,73.361,8.729,59.097,27.151,77.554,61.588,12.978,63.102,13.459
31.10.2024 13:30,21.916,29.566,55.84,21.596,61.426,42.113,18.181,29.993,33.038,34.258,66.699,56.679,42.914,44.12,84.118,5.019,44.299,32.449,72.251,14.185,20.821,51.368,24.502,23.106,56.677,62.397,58.499,51.482,2.583,57.08,52.884,65.765,10.047,59.816,26.327,64.197,44.384,11.394,62.712,16.478
31.10.2024 13:45,18.004,26.966,63.148,25.395,59.587,33.803,15.442,34.387,22.922,31.884,67.949,55.56,53.659,42.491,88.119,5.678,39.634,27.673,60.114,11.07,15.093,43.604,23.127,19.354,51.27,43.785,74.287,37.93,2.271,67.76,47.163,49.627,7.622,57.383,31.706,50.809,49.1,11.823,49.25,12.595
31.10.2024 14:00,23.436,23.639,62.511,22.918,55.494,31.558,16.011,37.307,25.311,31.806,46.476,43.721,49.317,44.914,77.76,5.185,27.063,31.139,57.453,10.478,17.879,46.086,16.947,17.63,40.218,50.642,50.82,42.402,1.905,46.488,42.771,65.814,10.073,47.188,26.33,53.057,37.978,10.065,66.391,13.826
31.10.2024 14:15,19.231,25.351,44.6,19.661,69.167,33.737,15.973,32.976,20.972,26.064,51.468,49.151,32.114,40.273,62.718,5.244,28.679,29.288,52.741,9.936,16.996,33.803,17.283,19.42,53.671,45.569,54.479,42.884,2.335,51.071,41.196,49.055,9.191,40.292,25.537,58.409,35.544,7.626,55.36,9.652
31.10.2024 14:30,15.143,25.853,39.474,15.829,47.002,29.123,11.037,28.166,21.58,22.033,57.73,33.604,40.57,37.771,63.867,4.537,29.38,23.615,52.085,8.851,13.366,31.512,19.408,17.882,45.655,35.547,54.532,34.142,2.003,43.127,30.815,42.082,8.436,44.048,25.606,45.726,40.748,7.631,43.852,10.492
31.10.2024 14:45,16.523,24.684,49.867,14.162,50.378,21.33,9.925,26.437,18.195,28.825,48.862,42.766,28.256,33.853,52.111,4.988,28.403,26.376,46.016,9.817,12.219,28.787,16.427,17.577,36.971,30.907,47.184,31.408,1.484,42.924,33.299,37.585,5.583,32.503,19.669,36.863,37.04,6.639,45.326,9.496
31.10.2024 15:00,14.531,19.351,36.467,13.561,51.6,26.828,10.925,26.397,17.876,19.318,47.077,33.94,24.48,30.161,60.932,3.884,23.979,21.819,48.817,9.922,11.35,34.661,10.797,14.741,35.807,37.759,41.165,25.978,1.668,39.068,36.252,44.157,5.113,33.362,20.72,40.725,37.35,7.893,33.312,9.248
31.10.2024 15:15,11.544,15.812,35.094,12.717,33.566,16.677,8.387,19.387,16.103,17.197,39.118,33.269,24.333,25.926,49.447,3.657,23.195,19.837,40.325,7.746,11.978,22.039,9.715,11.318,25.304,25.794,44.608,26.175,1.499,28.335,22.421,38.901,5.643,27.182,16.232,40.167,29.331,6.625,41.473,6.67
31.10.2024 15:30,8.926,12.682,28.139,10.22,40.269,19.545,9.076,16.138,13.254,16.751,35.042,25.107,21.056,30.935,40.727,3.407,16.457,14.431,37.534,6.564,9.974,25.758,10.013,11.464,26.22,22.662,39.951,27.986,1.368,31.273,23.44,33.676,5.745,26.526,13.625,34.221,29.33,5.557,26.341,7.773
31.10.2024 15:45,9.448,10.824,21.337,9.419,33.625,16.493,6.34,17.345,12.849,14.194,27.74,22.78,22.016,19.018,31.735,2.124,13.237,10.667,29.484,5.079,9.161,17.267,9.914,11.169,25.918,25.981,32.804,17.997,0.887,26.046,17.97,30.604,3.782,18.815,11.194,22.406,17.03,4.011,26.97,5.193
31.10.2024 16:00,7.154,9.591,20.969,6.542,26.549,14.228,5.614,13.459,11.361,9.268,22.806,17.564,17.078,15.767,27.628,1.779,10.031,12.322,26.049,3.91,5.959,15.381,6.953,6.686,20.664,19.123,23.144,16.063,0.962,22.081,16.034,19.89,3.054,14.84,11.415,22.212,14.023,3.065,18.435,5.05
31.10.2024 16:15,5.913,6.915,15.445,6.792,15.394,7.467,3.825,8.247,7.039,7.442,15.73,14.344,14.188,12.129,18.639,1.27,9.48,9.165,17.428,3.696,5.706,13.71,5.147,6.282,12.592,11.962,19.91,13.13,0.523,12.585,12.266,16.378,2.099,14.916,8.016,13.937,10.283,2.914,16.837,3.989
31.10.2024 16:30,3.584,5.705,9.033,3.222,12.274,6.322,2.97,5.864,4.298,5.519,12.211,7.328,8.65,10.613,10.812,0.864,6.631,4.621,13.115,2.513,3.602,8.144,2.897,4.056,9.141,9.232,13.464,6.452,0.424,9.267,8.231,11.228,1.764,7.198,3.895,9.333,7.343,1.749,11.524,2.441
31.10.2024 16:45,2.026,2.328,5.048,2.25,6.459,2.964,1.237,2.886,2.229,3.124,5.918,3.642,3.873,5.004,6.399,0.509,2.876,2.593,4.787,1.055,1.578,3.491,1.828,2.155,4.889,4.533,5.553,4.661,0.217,5.366,4.57,6.411,0.876,4.306,2.846,6.071,4.272,0.788,5.566,1.309
31.10.2024 17:00,0.0,0.0,0.0,0.0,0.0,0.0,0.0,0.0,0.0,0.0,0.0,0.0,0.0,0.0,0.0,0.0,0.0,0.0,0.0,0.0,0.0,0.0,0.0,0.0,0.0,0.0,0.0,0.0,0.0,0.0,0.0,0.0,0.0,0.0,0.0,0.0,0.0,0.0,0.0,0.0
31.10.2024 17:15,0.0,0.0,0.0,0.0,0.0,0.0,0.0,0.0,0.0,0.0,0.0,0.0,0.0,0.0,0.0,0.0,0.0,0.0,0.0,0.0,0.0,0.0,0.0,0.0,0.0,0.0,0.0,0.0,0.0,0.0,0.0,0.0,0.0,0.0,0.0,0.0,0.0,0.0,0.0,0.0
31.10.2024 17:30,0.0,0.0,0.0,0.0,0.0,0.0,0.0,0.0,0.0,0.0,0.0,0.0,0.0,0.0,0.0,0.0,0.0,0.0,0.0,0.0,0.0,0.0,0.0,0.0,0.0,0.0,0.0,0.0,0.0,0.0,0.0,0.0,0.0,0.0,0.0,0.0,0.0,0.0,0.0,0.0
31.10.2024 17:45,0.0,0.0,0.0,0.0,0.0,0.0,0.0,0.0,0.0,0.0,0.0,0.0,0.0,0.0,0.0,0.0,0.0,0.0,0.0,0.0,0.0,0.0,0.0,0.0,0.0,0.0,0.0,0.0,0.0,0.0,0.0,0.0,0.0,0.0,0.0,0.0,0.0,0.0,0.0,0.0
31.10.2024 18:00,0.0,0.0,0.0,0.0,0.0,0.0,0.0,0.0,0.0,0.0,0.0,0.0,0.0,0.0,0.0,0.0,0.0,0.0,0.0,0.0,0.0,0.0,0.0,0.0,0.0,0.0,0.0,0.0,0.0,0.0,0.0,0.0,0.0,0.0,0.0,0.0,0.0,0.0,0.0,0.0
31.10.2024 18:15,0.0,0.0,0.0,0.0,0.0,0.0,0.0,0.0,0.0,0.0,0.0,0.0,0.0,0.0,0.0,0.0,0.0,0.0,0.0,0.0,0.0,0.0,0.0,0.0,0.0,0.0,0.0,0.0,0.0,0.0,0.0,0.0,0.0,0.0,0.0,0.0,0.0,0.0,0.0,0.0
31.10.2024 18:30,0.0,0.0,0.0,0.0,0.0,0.0,0.0,0.0,0.0,0.0,0.0,0.0,0.0,0.0,0.0,0.0,0.0,0.0,0.0,0.0,0.0,0.0,0.0,0.0,0.0,0.0,0.0,0.0,0.0,0.0,0.0,0.0,0.0,0.0,0.0,0.0,0.0,0.0,0.0,0.0
31.10.2024 18:45,0.0,0.0,0.0,0.0,0.0,0.0,0.0,0.0,0.0,0.0,0.0,0.0,0.0,0.0,0.0,0.0,0.0,0.0,0.0,0.0,0.0,0.0,0.0,0.0,0.0,0.0,0.0,0.0,0.0,0.0,0.0,0.0,0.0,0.0,0.0,0.0,0.0,0.0,0.0,0.0
31.10.2024 19:00,0.0,0.0,0.0,0.0,0.0,0.0,0.0,0.0,0.0,0.0,0.0,0.0,0.0,0.0,0.0,0.0,0.0,0.0,0.0,0.0,0.0,0.0,0.0,0.0,0.0,0.0,0.0,0.0,0.0,0.0,0.0,0.0,0.0,0.0,0.0,0.0,0.0,0.0,0.0,0.0
31.10.2024 19:15,0.0,0.0,0.0,0.0,0.0,0.0,0.0,0.0,0.0,0.0,0.0,0.0,0.0,0.0,0.0,0.0,0.0,0.0,0.0,0.0,0.0,0.0,0.0,0.0,0.0,0.0,0.0,0.0,0.0,0.0,0.0,0.0,0.0,0.0,0.0,0.0,0.0,0.0,0.0,0.0
31.10.2024 19:30,0.0,0.0,0.0,0.0,0.0,0.0,0.0,0.0,0.0,0.0,0.0,0.0,0.0,0.0,0.0,0.0,0.0,0.0,0.0,0.0,0.0,0.0,0.0,0.0,0.0,0.0,0.0,0.0,0.0,0.0,0.0,0.0,0.0,0.0,0.0,0.0,0.0,0.0,0.0,0.0
31.10.2024 19:45,0.0,0.0,0.0,0.0,0.0,0.0,0.0,0.0,0.0,0.0,0.0,0.0,0.0,0.0,0.0,0.0,0.0,0.0,0.0,0.0,0.0,0.0,0.0,0.0,0.0,0.0,0.0,0.0,0.0,0.0,0.0,0.0,0.0,0.0,0.0,0.0,0.0,0.0,0.0,0.0
31.10.2024 20:00,0.0,0.0,0.0,0.0,0.0,0.0,0.0,0.0,0.0,0.0,0.0,0.0,0.0,0.0,0.0,0.0,0.0,0.0,0.0,0.0,0.0,0.0,0.0,0.0,0.0,0.0,0.0,0.0,0.0,0.0,0.0,0.0,0.0,0.0,0.0,0.0,0.0,0.0,0.0,0.0
31.10.2024 20:15,0.0,0.0,0.0,0.0,0.0,0.0,0.0,0.0,0.0,0.0,0.0,0.0,0.0,0.0,0.0,0.0,0.0,0.0,0.0,0.0,0.0,0.0,0.0,0.0,0.0,0.0,0.0,0.0,0.0,0.0,0.0,0.0,0.0,0.0,0.0,0.0,0.0,0.0,0.0,0.0
31.10.2024 20:30,0.0,0.0,0.0,0.0,0.0,0.0,0.0,0.0,0.0,0.0,0.0,0.0,0.0,0.0,0.0,0.0,0.0,0.0,0.0,0.0,0.0,0.0,0.0,0.0,0.0,0.0,0.0,0.0,0.0,0.0,0.0,0.0,0.0,0.0,0.0,0.0,0.0,0.0,0.0,0.0
31.10.2024 20:45,0.0,0.0,0.0,0.0,0.0,0.0,0.0,0.0,0.0,0.0,0.0,0.0,0.0,0.0,0.0,0.0,0.0,0.0,0.0,0.0,0.0,0.0,0.0,0.0,0.0,0.0,0.0,0.0,0.0,0.0,0.0,0.0,0.0,0.0,0.0,0.0,0.0,0.0,0.0,0.0
31.10.2024 21:00,0.0,0.0,0.0,0.0,0.0,0.0,0.0,0.0,0.0,0.0,0.0,0.0,0.0,0.0,0.0,0.0,0.0,0.0,0.0,0.0,0.0,0.0,0.0,0.0,0.0,0.0,0.0,0.0,0.0,0.0,0.0,0.0,0.0,0.0,0.0,0.0,0.0,0.0,0.0,0.0
31.10.2024 21:15,0.0,0.0,0.0,0.0,0.0,0.0,0.0,0.0,0.0,0.0,0.0,0.0,0.0,0.0,0.0,0.0,0.0,0.0,0.0,0.0,0.0,0.0,0.0,0.0,0.0,0.0,0.0,0.0,0.0,0.0,0.0,0.0,0.0,0.0,0.0,0.0,0.0,0.0,0.0,0.0
31.10.2024 21:30,0.0,0.0,0.0,0.0,0.0,0.0,0.0,0.0,0.0,0.0,0.0,0.0,0.0,0.0,0.0,0.0,0.0,0.0,0.0,0.0,0.0,0.0,0.0,0.0,0.0,0.0,0.0,0.0,0.0,0.0,0.0,0.0,0.0,0.0,0.0,0.0,0.0,0.0,0.0,0.0
31.10.2024 21:45,0.0,0.0,0.0,0.0,0.0,0.0,0.0,0.0,0.0,0.0,0.0,0.0,0.0,0.0,0.0,0.0,0.0,0.0,0.0,0.0,0.0,0.0,0.0,0.0,0.0,0.0,0.0,0.0,0.0,0.0,0.0,0.0,0.0,0.0,0.0,0.0,0.0,0.0,0.0,0.0
31.10.2024 22:00,0.0,0.0,0.0,0.0,0.0,0.0,0.0,0.0,0.0,0.0,0.0,0.0,0.0,0.0,0.0,0.0,0.0,0.0,0.0,0.0,0.0,0.0,0.0,0.0,0.0,0.0,0.0,0.0,0.0,0.0,0.0,0.0,0.0,0.0,0.0,0.0,0.0,0.0,0.0,0.0
31.10.2024 22:15,0.0,0.0,0.0,0.0,0.0,0.0,0.0,0.0,0.0,0.0,0.0,0.0,0.0,0.0,0.0,0.0,0.0,0.0,0.0,0.0,0.0,0.0,0.0,0.0,0.0,0.0,0.0,0.0,0.0,0.0,0.0,0.0,0.0,0.0,0.0,0.0,0.0,0.0,0.0,0.0
31.10.2024 22:30,0.0,0.0,0.0,0.0,0.0,0.0,0.0,0.0,0.0,0.0,0.0,0.0,0.0,0.0,0.0,0.0,0.0,0.0,0.0,0.0,0.0,0.0,0.0,0.0,0.0,0.0,0.0,0.0,0.0,0.0,0.0,0.0,0.0,0.0,0.0,0.0,0.0,0.0,0.0,0.0
31.10.2024 22:45,0.0,0.0,0.0,0.0,0.0,0.0,0.0,0.0,0.0,0.0,0.0,0.0,0.0,0.0,0.0,0.0,0.0,0.0,0.0,0.0,0.0,0.0,0.0,0.0,0.0,0.0,0.0,0.0,0.0,0.0,0.0,0.0,0.0,0.0,0.0,0.0,0.0,0.0,0.0,0.0
31.10.2024 23:00,0.0,0.0,0.0,0.0,0.0,0.0,0.0,0.0,0.0,0.0,0.0,0.0,0.0,0.0,0.0,0.0,0.0,0.0,0.0,0.0,0.0,0.0,0.0,0.0,0.0,0.0,0.0,0.0,0.0,0.0,0.0,0.0,0.0,0.0,0.0,0.0,0.0,0.0,0.0,0.0
31.10.2024 23:15,0.0,0.0,0.0,0.0,0.0,0.0,0.0,0.0,0.0,0.0,0.0,0.0,0.0,0.0,0.0,0.0,0.0,0.0,0.0,0.0,0.0,0.0,0.0,0.0,0.0,0.0,0.0,0.0,0.0,0.0,0.0,0.0,0.0,0.0,0.0,0.0,0.0,0.0,0.0,0.0
31.10.2024 23:30,0.0,0.0,0.0,0.0,0.0,0.0,0.0,0.0,0.0,0.0,0.0,0.0,0.0,0.0,0.0,0.0,0.0,0.0,0.0,0.0,0.0,0.0,0.0,0.0,0.0,0.0,0.0,0.0,0.0,0.0,0.0,0.0,0.0,0.0,0.0,0.0,0.0,0.0,0.0,0.0
31.10.2024 23:45,0.0,0.0,0.0,0.0,0.0,0.0,0.0,0.0,0.0,0.0,0.0,0.0,0.0,0.0,0.0,0.0,0.0,0.0,0.0,0.0,0.0,0.0,0.0,0.0,0.0,0.0,0.0,0.0,0.0,0.0,0.0,0.0,0.0,0.0,0.0,0.0,0.0,0.0,0.0,0.0
01.11.2024 00:00,0.0,0.0,0.0,0.0,0.0,0.0,0.0,0.0,0.0,0.0,0.0,0.0,0.0,0.0,0.0,0.0,0.0,0.0,0.0,0.0,0.0,0.0,0.0,0.0,0.0,0.0,0.0,0.0,0.0,0.0,0.0,0.0,0.0,0.0,0.0,0.0,0.0,0.0,0.0,0.0
01.11.2024 00:15,0.0,0.0,0.0,0.0,0.0,0.0,0.0,0.0,0.0,0.0,0.0,0.0,0.0,0.0,0.0,0.0,0.0,0.0,0.0,0.0,0.0,0.0,0.0,0.0,0.0,0.0,0.0,0.0,0.0,0.0,0.0,0.0,0.0,0.0,0.0,0.0,0.0,0.0,0.0,0.0
01.11.2024 00:30,0.0,0.0,0.0,0.0,0.0,0.0,0.0,0.0,0.0,0.0,0.0,0.0,0.0,0.0,0.0,0.0,0.0,0.0,0.0,0.0,0.0,0.0,0.0,0.0,0.0,0.0,0.0,0.0,0.0,0.0,0.0,0.0,0.0,0.0,0.0,0.0,0.0,0.0,0.0,0.0
01.11.2024 00:45,0.0,0.0,0.0,0.0,0.0,0.0,0.0,0.0,0.0,0.0,0.0,0.0,0.0,0.0,0.0,0.0,0.0,0.0,0.0,0.0,0.0,0.0,0.0,0.0,0.0,0.0,0.0,0.0,0.0,0.0,0.0,0.0,0.0,0.0,0.0,0.0,0.0,0.0,0.0,0.0
01.11.2024 01:00,0.0,0.0,0.0,0.0,0.0,0.0,0.0,0.0,0.0,0.0,0.0,0.0,0.0,0.0,0.0,0.0,0.0,0.0,0.0,0.0,0.0,0.0,0.0,0.0,0.0,0.0,0.0,0.0,0.0,0.0,0.0,0.0,0.0,0.0,0.0,0.0,0.0,0.0,0.0,0.0
01.11.2024 01:15,0.0,0.0,0.0,0.0,0.0,0.0,0.0,0.0,0.0,0.0,0.0,0.0,0.0,0.0,0.0,0.0,0.0,0.0,0.0,0.0,0.0,0.0,0.0,0.0,0.0,0.0,0.0,0.0,0.0,0.0,0.0,0.0,0.0,0.0,0.0,0.0,0.0,0.0,0.0,0.0
01.11.2024 01:30,0.0,0.0,0.0,0.0,0.0,0.0,0.0,0.0,0.0,0.0,0.0,0.0,0.0,0.0,0.0,0.0,0.0,0.0,0.0,0.0,0.0,0.0,0.0,0.0,0.0,0.0,0.0,0.0,0.0,0.0,0.0,0.0,0.0,0.0,0.0,0.0,0.0,0.0,0.0,0.0
01.11.2024 01:45,0.0,0.0,0.0,0.0,0.0,0.0,0.0,0.0,0.0,0.0,0.0,0.0,0.0,0.0,0.0,0.0,0.0,0.0,0.0,0.0,0.0,0.0,0.0,0.0,0.0,0.0,0.0,0.0,0.0,0.0,0.0,0.0,0.0,0.0,0.0,0.0,0.0,0.0,0.0,0.0
01.11.2024 02:00,0.0,0.0,0.0,0.0,0.0,0.0,0.0,0.0,0.0,0.0,0.0,0.0,0.0,0.0,0.0,0.0,0.0,0.0,0.0,0.0,0.0,0.0,0.0,0.0,0.0,0.0,0.0,0.0,0.0,0.0,0.0,0.0,0.0,0.0,0.0,0.0,0.0,0.0,0.0,0.0
01.11.2024 02:15,0.0,0.0,0.0,0.0,0.0,0.0,0.0,0.0,0.0,0.0,0.0,0.0,0.0,0.0,0.0,0.0,0.0,0.0,0.0,0.0,0.0,0.0,0.0,0.0,0.0,0.0,0.0,0.0,0.0,0.0,0.0,0.0,0.0,0.0,0.0,0.0,0.0,0.0,0.0,0.0
01.11.2024 02:30,0.0,0.0,0.0,0.0,0.0,0.0,0.0,0.0,0.0,0.0,0.0,0.0,0.0,0.0,0.0,0.0,0.0,0.0,0.0,0.0,0.0,0.0,0.0,0.0,0.0,0.0,0.0,0.0,0.0,0.0,0.0,0.0,0.0,0.0,0.0,0.0,0.0,0.0,0.0,0.0
01.11.2024 02:45,0.0,0.0,0.0,0.0,0.0,0.0,0.0,0.0,0.0,0.0,0.0,0.0,0.0,0.0,0.0,0.0,0.0,0.0,0.0,0.0,0.0,0.0,0.0,0.0,0.0,0.0,0.0,0.0,0.0,0.0,0.0,0.0,0.0,0.0,0.0,0.0,0.0,0.0,0.0,0.0
01.11.2024 03:00,0.0,0.0,0.0,0.0,0.0,0.0,0.0,0.0,0.0,0.0,0.0,0.0,0.0,0.0,0.0,0.0,0.0,0.0,0.0,0.0,0.0,0.0,0.0,0.0,0.0,0.0,0.0,0.0,0.0,0.0,0.0,0.0,0.0,0.0,0.0,0.0,0.0,0.0,0.0,0.0
01.11.2024 03:15,0.0,0.0,0.0,0.0,0.0,0.0,0.0,0.0,0.0,0.0,0.0,0.0,0.0,0.0,0.0,0.0,0.0,0.0,0.0,0.0,0.0,0.0,0.0,0.0,0.0,0.0,0.0,0.0,0.0,0.0,0.0,0.0,0.0,0.0,0.0,0.0,0.0,0.0,0.0,0.0
01.11.2024 03:30,0.0,0.0,0.0,0.0,0.0,0.0,0.0,0.0,0.0,0.0,0.0,0.0,0.0,0.0,0.0,0.0,0.0,0.0,0.0,0.0,0.0,0.0,0.0,0.0,0.0,0.0,0.0,0.0,0.0,0.0,0.0,0.0,0.0,0.0,0.0,0.0,0.0,0.0,0.0,0.0
01.11.2024 03:45,0.0,0.0,0.0,0.0,0.0,0.0,0.0,0.0,0.0,0.0,0.0,0.0,0.0,0.0,0.0,0.0,0.0,0.0,0.0,0.0,0.0,0.0,0.0,0.0,0.0,0.0,0.0,0.0,0.0,0.0,0.0,0.0,0.0,0.0,0.0,0.0,0.0,0.0,0.0,0.0
01.11.2024 04:00,0.0,0.0,0.0,0.0,0.0,0.0,0.0,0.0,0.0,0.0,0.0,0.0,0.0,0.0,0.0,0.0,0.0,0.0,0.0,0.0,0.0,0.0,0.0,0.0,0.0,0.0,0.0,0.0,0.0,0.0,0.0,0.0,0.0,0.0,0.0,0.0,0.0,0.0,0.0,0.0
01.11.2024 04:15,0.0,0.0,0.0,0.0,0.0,0.0,0.0,0.0,0.0,0.0,0.0,0.0,0.0,0.0,0.0,0.0,0.0,0.0,0.0,0.0,0.0,0.0,0.0,0.0,0.0,0.0,0.0,0.0,0.0,0.0,0.0,0.0,0.0,0.0,0.0,0.0,0.0,0.0,0.0,0.0
01.11.2024 04:30,0.0,0.0,0.0,0.0,0.0,0.0,0.0,0.0,0.0,0.0,0.0,0.0,0.0,0.0,0.0,0.0,0.0,0.0,0.0,0.0,0.0,0.0,0.0,0.0,0.0,0.0,0.0,0.0,0.0,0.0,0.0,0.0,0.0,0.0,0.0,0.0,0.0,0.0,0.0,0.0
01.11.2024 04:45,0.0,0.0,0.0,0.0,0.0,0.0,0.0,0.0,0.0,0.0,0.0,0.0,0.0,0.0,0.0,0.0,0.0,0.0,0.0,0.0,0.0,0.0,0.0,0.0,0.0,0.0,0.0,0.0,0.0,0.0,0.0,0.0,0.0,0.0,0.0,0.0,0.0,0.0,0.0,0.0
01.11.2024 05:00,0.0,0.0,0.0,0.0,0.0,0.0,0.0,0.0,0.0,0.0,0.0,0.0,0.0,0.0,0.0,0.0,0.0,0.0,0.0,0.0,0.0,0.0,0.0,0.0,0.0,0.0,0.0,0.0,0.0,0.0,0.0,0.0,0.0,0.0,0.0,0.0,0.0,0.0,0.0,0.0
01.11.2024 05:15,1.401,2.279,6.6,1.966,6.06,3.053,1.628,3.158,2.382,3.02,6.296,4.227,3.886,5.561,6.324,0.579,3.224,2.8,4.235,0.884,1.46,4.063,1.591,2.258,4.608,4.385,5.48,4.952,0.213,4.537,3.447,5.677,0.839,3.862,2.345,4.686,4.048,0.677,4.863,1.523
01.11.2024 05:30,2.671,5.627,12.725,4.39,11.62,5.455,3.507,6.669,4.525,5.554,12.304,11.206,7.78,10.251,12.805,1.102,6.116,5.583,10.108,2.072,2.965,7.056,2.535,4.57,7.575,10.737,9.587,9.375,0.381,10.372,6.91,9.869,1.893,11.175,3.41,11.549,6.329,1.821,11.478,2.725
01.11.2024 05:45,3.831,9.104,15.426,5.921,17.278,11.399,4.002,11.429,6.377,7.821,13.887,12.296,12.309,13.51,15.188,1.953,8.618,8.62,15.728,2.474,5.474,12.918,4.938,6.648,13.681,13.391,15.766,14.899,0.708,17.473,14.215,14.294,3.072,12.53,6.347,15.09,10.169,2.04,17.447,3.158
01.11.2024 06:00,5.162,9.8,22.746,6.285,25.674,14.664,5.262,11.873,7.256,13.922,23.041,21.353,19.36,21.143,22.068,1.982,9.472,12.912,17.995,3.064,6.294,18.062,6.444,6.978,22.164,21.704,21.779,14.012,0.73,24.701,15.445,24.416,3.921,17.238,9.247,19.067,13.507,2.827,23.815,6.056
01.11.2024 06:15,7.444,11.944,31.096,8.842,33.262,13.929,9.065,18.526,12.339,14.055,23.51,23.158,24.867,23.288,31.956,2.503,14.829,15.229,27.461,4.921,9.409,18.394,7.195,11.174,24.573,24.361,23.39,20.839,1.055,28.009,16.593,25.508,4.397,21.447,11.694,25.915,20.67,4.145,22.596,6.061
01.11.2024 06:30,7.952,17.723,31.753,11.693,38.534,21.562,10.179,17.129,11.671,19.442,40.23,24.861,22.394,29.93,41.091,3.834,14.35,20.704,30.879,6.659,10.88,23.963,9.116,13.472,30.207,32.007,31.382,27.796,1.22,33.858,20.54,29.316,6.19,24.764,10.816,36.3,17.967,4.27,39.558,6.867
01.11.2024 06:45,9.859,15.135,30.345,15.459,36.533,23.61,11.095,26.084,11.922,23.193,45.052,36.706,29.902,33.873,48.287,3.156,18.516,16.594,27.32,6.845,12.763,34.284,8.976,17.136,26.778,30.158,32.257,30.266,1.547,42.526,24.263,41.302,5.668,25.731,14.041,35.801,26.576,5.357,31.637,8.891
01.11.2024 07:00,11.815,19.741,35.276,16.906,46.825,24.534,13.436,26.349,15.895,24.153,35.595,35.344,35.068,36.718,46.632,4.491,22.715,25.121,39.774,8.279,12.871,32.366,10.811,17.462,35.292,37.601,34.976,28.861,1.918,43.494,30.296,46.615,7.671,39.739,15.909,46.51,24.984,5.655,37.558,9.071
01.11.2024 07:15,14.128,23.23,47.442,14.616,58.2,25.553,13.119,27.016,20.281,31.296,56.048,40.384,37.28,46.666,52.565,5.137,26.617,24.055,42.061,8.864,16.426,41.345,13.689,19.39,36.208,42.746,41.052,34.568,2.151,49.984,31.243,43.05,7.664,48.086,15.41,39.903,32.393,7.023,39.294,9.142
01.11.2024 07:30,11.752,26.042,61.5,15.928,56.514,35.59,16.355,31.409,22.247,29.191,62.839,41.506,39.442,54.329,63.88,5.267,28.049,24.697,40.474,9.107,19.325,47.408,13.049,19.922,50.162,53.801,47.558,37.578,1.733,52.864,35.904,59.461,9.848,39.574,19.66,56.993,31.374,6.23,54.979,9.626
01.11.2024 07:45,17.503,30.098,60.421,17.073,62.668,36.466,15.26,29.585,16.724,29.617,54.972,49.398,38.482,40.984,61.754,6.145,30.12,30.844,59.582,10.775,22.217,52.274,13.526,24.653,40.895,44.908,52.398,39.782,1.957,65.651,34.237,60.2,10.303,51.41,24.535,49.757,36.117,6.211,68.153,12.784
01.11.2024 08:00,17.655,27.892,49.829,24.264,73.358,36.969,15.513,31.752,25.655,40.333,68.25,44.191,46.859,64.41,65.45,5.323,25.891,33.056,61.567,12.05,22.597,54.731,15.32,27.677,49.368,62.438,48.486,44.287,2.607,54.729,39.338,56.267,11.469,56.867,21.624,63.81,42.454,7.416,66.576,15.906
01.11.2024 08:15,14.902,32.943,56.012,25.134,74.839,40.337,20.095,31.377,21.395,42.454,65.288,51.911,48.091,58.727,80.036,7.443,29.946,30.025,51.607,10.132,21.686,46.617,18.444,27.34,55.173,63.445,56.164,50.631,2.48,59.026,37.126,61.831,9.314,62.925,24.391,64.955,44.589,8.454,75.09,15.362
01.11.2024 08:30,21.755,34.44,74.812,25.746,71.426,34.171,18.837,33.115,20.199,33.943,75.046,68.0,59.089,66.747,80.813,5.901,27.416,32.69,60.136,11.272,19.659,63.005,16.049,27.17,56.47,65.217,66.978,60.762,2.547,58.633,54.543,73.189,11.851,56.574,31.431,78.166,47.997,7.789,56.621,18.935
01.11.2024 08:45,23.233,35.608,80.382,23.219,89.867,42.45,24.37,38.537,29.471,33.366,69.454,54.172,61.226,74.084,87.989,6.95,38.109,37.52,57.24,11.292,25.23,62.803,15.639,22.702,66.523,69.786,71.713,61.276,2.947,81.543,43.383,62.127,12.756,56.46,22.68,66.694,36.075,8.837,75.066,15.159
01.11.2024 09:00,17.12,38.483,77.118,25.258,69.835,39.28,20.04,47.23,30.772,35.918,71.925,66.35,49.245,66.771,69.626,6.267,42.937,39.142,71.165,13.025,28.837,66.114,20.302,31.071,54.54,67.984,55.837,66.114,2.943,72.76,56.507,72.127,13.314,59.481,30.24,60.051,49.024,9.349,75.791,15.774
01.11.2024 09:15,19.641,34.14,80.664,25.682,100.062,41.029,25.857,46.16,28.801,40.773,77.899,60.104,49.912,79.584,81.753,7.972,33.972,39.051,77.519,15.94,22.523,48.723,21.891,32.022,60.075,60.665,56.883,69.765,3.476,73.464,49.738,80.164,12.597,71.983,33.276,60.7,40.293,8.273,79.895,15.499
01.11.2024 09:30,25.01,32.481,63.717,24.136,72.821,51.029,26.789,38.325,29.332,54.698,71.147,73.805,71.588,63.069,94.475,8.627,32.149,37.34,64.038,13.408,23.703,73.716,16.751,33.865,72.551,60.993,71.474,60.328,3.111,96.233,53.81,78.902,10.429,77.129,34.629,87.427,46.785,10.667,68.372,16.027
01.11.2024 09:45,25.183,33.879,91.042,27.437,70.887,57.322,21.027,53.269,32.756,48.348,96.401,58.08,63.965,64.192,71.651,9.755,38.927,35.747,77.774,13.978,23.179,71.183,18.298,26.618,67.207,81.866,66.05,60.15,3.039,96.967,50.927,82.924,12.024,61.33,35.054,79.923,50.52,12.169,90.949,17.378
01.11.2024 10:00,20.486,36.312,91.512,22.631,103.573,48.37,26.822,49.54,33.001,45.832,81.728,82.51,73.53,80.712,96.39,9.281,45.651,54.1,70.384,17.256,30.158,72.481,17.843,33.979,65.018,79.414,56.459,53.914,3.193,100.58,60.96,82.431,12.607,68.102,36.044,89.488,48.525,9.232,86.668,21.705
01.11.2024 10:15,21.11,41.477,75.251,24.067,81.578,45.194,23.725,57.228,34.663,56.749,84.958,69.167,53.758,88.642,76.165,8.755,41.254,54.502,68.298,15.482,26.97,55.447,19.856,29.903,55.667,65.502,66.451,78.111,3.576,73.717,65.106,72.164,15.721,84.776,27.756,73.05,51.614,11.284,97.386,22.973
01.11.2024 10:30,22.977,47.677,91.165,32.86,100.124,54.913,28.812,52.145,30.869,48.805,103.743,63.66,66.691,90.432,98.671,10.228,33.321,46.54,84.334,15.851,23.404,60.228,20.948,36.412,76.193,78.249,80.332,55.766,3.358,100.706,52.74,79.798,15.835,83.02,34.682,77.381,61.995,11.667,88.641,23.82
01.11.2024 10:45,24.329,45.675,74.986,31.445,103.616,60.022,24.398,42.729,36.027,46.445,90.239,59.359,67.443,83.31,92.027,8.712,48.552,56.548,72.247,18.09,32.881,80.577,23.656,29.801,82.609,73.718,80.594,74.613,3.419,81.744,51.901,84.211,11.811,89.003,38.505,67.313,44.428,10.631,77.295,18.022
01.11.2024 11:00,25.792,47.299,69.184,27.674,105.443,57.684,27.438,48.67,36.364,59.236,92.324,62.188,76.11,79.866,77.149,9.034,46.1,50.642,70.9,15.861,29.359,68.292,22.872,35.845,72.83,65.16,72.048,64.992,3.84,70.892,62.01,92.478,16.594,82.434,29.168,98.242,55.757,11.863,95.61,23.355
01.11.2024 11:15,23.379,39.816,74.428,28.613,109.916,60.195,24.658,51.961,25.575,57.37,107.245,71.991,55.664,73.671,86.492,9.15,34.536,39.143,76.346,17.126,26.74,65.463,22.575,30.642,79.054,76.262,71.29,80.565,3.371,84.155,50.497,87.913,12.254,71.586,28.095,88.16,49.805,10.538,78.4,18.867
01.11.2024 11:30,24.245,40.494,73.142,26.694,83.602,52.981,22.166,39.508,34.136,56.987,104.227,66.267,59.043,93.687,92.835,8.45,46.859,39.849,63.95,13.302,26.754,77.173,20.145,26.701,69.051,68.277,73.943,65.805,3.04,87.844,60.146,79.699,13.471,77.113,39.233,96.133,44.042,10.851,103.178,17.043
01.11.2024 11:45,26.873,39.904,77.58,30.453,97.535,56.966,21.688,38.796,29.564,49.894,77.624,79.261,62.704,72.239,89.857,9.858,38.737,54.335,64.806,13.816,25.897,56.213,24.093,34.687,60.429,62.052,62.988,75.921,3.394,73.101,47.054,96.433,12.229,78.476,37.581,73.315,44.09,8.583,93.018,22.945
01.11.2024 12:00,19.704,36.01,78.977,30.38,74.837,43.71,23.599,40.346,27.755,54.656,87.305,66.997,73.497,84.271,81.252,7.484,36.787,48.308,80.208,15.093,27.383,64.218,20.658,27.466,53.593,71.91,70.675,60.709,3.297,86.76,57.784,67.153,15.552,60.458,33.077,83.072,59.329,11.309,75.756,20.794
01.11.2024 12:15,21.457,33.219,80.237,29.473,83.314,47.106,26.333,41.786,29.726,41.936,103.004,60.68,73.839,76.322,94.798,8.588,37.281,51.241,71.579,15.432,25.585,61.991,24.443,33.946,69.037,74.0,55.224,60.056,2.443,94.606,54.161,68.768,14.656,72.665,39.722,83.365,56.802,10.938,102.16,16.771
01.11.2024 12:30,25.333,40.763,77.22,28.249,95.998,46.853,24.334,43.948,22.781,48.395,80.378,68.812,73.309,76.809,80.071,8.939,41.741,51.006,73.441,17.991,27.252,59.93,21.116,36.505,63.131,57.043,66.413,66.273,2.915,77.925,44.295,71.018,12.24,75.599,36.646,70.232,55.971,8.157,84.88,18.401
01.11.2024 12:45,26.362,45.68,68.657,22.138,77.32,47.888,24.426,43.636,26.92,54.572,78.137,68.992,70.315,68.5,77.037,9.267,37.879,41.856,57.085,17.585,28.835,57.235,16.572,36.034,68.216,64.965,60.931,74.45,3.14,74.932,53.705,65.465,13.539,58.792,38.355,83.613,55.947,9.183,67.938,16.846
01.11.2024 13:00,22.187,31.99,59.182,22.602,81.537,54.032,20.059,36.178,29.732,40.529,69.952,53.258,45.987,82.029,60.999,8.897,28.219,33.848,61.53,16.381,26.884,53.021,20.176,26.25,63.635,58.938,67.481,60.482,2.757,72.005,47.73,74.289,10.647,72.937,36.74,83.366,39.909,11.134,83.271,19.5
01.11.2024 13:15,21.578,29.024,72.866,22.853,75.485,50.998,20.977,43.383,21.981,47.543,64.8,51.07,45.032,68.391,82.688,7.439,38.774,34.74,68.775,12.839,22.172,50.136,16.862,31.724,67.566,50.876,64.023,67.853,2.938,86.489,41.384,55.27,11.146,65.159,30.032,78.175,40.907,8.672,68.69,16.815
01.11.2024 13:30,17.216,37.626,63.864,20.513,75.948,36.201,16.52,40.151,22.966,40.499,80.269,45.714,45.022,74.628,58.576,7.486,26.772,31.326,51.04,15.761,23.345,58.23,18.626,25.406,54.017,50.792,55.236,61.548,2.466,57.897,41.768,56.157,10.61,71.134,31.976,70.662,44.28,8.539,81.688,19.585
01.11.2024 13:45,19.043,28.908,57.999,22.904,80.686,34.985,21.616,33.587,26.341,31.488,77.022,58.111,46.618,48.382,64.242,6.433,32.319,31.463,44.924,13.622,24.878,61.117,13.63,29.727,49.36,48.413,44.229,58.638,2.839,65.543,41.769,55.906,9.464,46.7,29.513,55.55,39.098,9.399,77.93,12.781
01.11.2024 14:00,18.625,34.165,67.946,18.155,52.354,35.766,21.613,27.687,20.451,40.182,77.77,53.114,52.768,58.373,66.766,6.243,29.084,32.61,48.949,11.457,17.059,49.481,13.503,26.919,43.614,46.439,46.784,48.139,2.047,57.145,32.853,61.357,11.436,48.778,29.387,52.216,35.855,8.245,77.609,13.803
01.11.2024 14:15,15.454,30.451,60.619,15.489,60.98,32.461,16.253,26.601,18.506,29.455,67.85,45.93,50.239,57.546,49.03,6.861,22.428,26.735,43.272,12.122,16.003,42.332,16.575,18.71,43.924,55.578,51.132,44.058,1.738,68.149,43.164,61.151,9.928,52.301,27.31,63.084,32.647,7.297,60.874,13.59
01.11.2024 14:30,14.512,30.636,58.149,15.992,62.474,34.271,12.561,28.233,17.673,33.055,50.753,48.651,35.026,53.729,51.47,6.394,20.479,25.264,36.024,8.396,18.193,36.784,11.967,20.086,46.902,44.623,37.251,37.429,1.859,45.613,35.788,54.789,7.798,42.681,19.577,39.414,33.218,7.294,55.236,12.678
01.11.2024 14:45,13.945,22.869,46.264,18.068,49.294,34.782,12.391,23.171,16.644,23.949,42.189,43.718,38.246,51.94,41.508,5.77,24.632,26.039,43.846,8.195,17.161,44.075,13.952,17.832,30.341,35.817,34.672,46.275,1.77,47.93,25.669,38.878,6.995,46.096,18.629,48.475,30.161,6.809,56.628,10.725
01.11.2024 15:00,10.719,22.748,35.507,12.105,37.067,32.0,13.657,22.976,15.645,30.502,55.65,36.187,38.283,32.283,45.862,3.839,18.628,22.433,40.739,9.771,12.955,41.715,10.118,19.159,39.694,31.508,39.306,41.659,1.469,43.086,30.903,41.018,5.663,42.217,17.093,43.356,22.827,5.253,39.53,11.395
01.11.2024 15:15,10.955,18.634,39.679,12.523,40.289,25.401,11.918,22.438,14.726,21.016,38.652,35.443,28.561,28.524,37.578,4.529,18.02,20.934,30.865,8.12,14.241,29.219,10.41,14.693,35.187,30.469,36.309,34.269,1.237,45.772,22.409,28.628,5.822,28.492,18.904,37.07,23.143,4.679,41.826,10.637
01.11.2024 15:30,9.073,17.208,28.045,10.057,31.666,23.546,11.025,18.785,11.157,17.694,33.086,23.536,21.07,30.529,36.1,4.057,14.662,17.837,28.771,6.308,11.89,24.694,9.212,14.185,26.341,32.071,26.552,24.83,1.272,30.399,21.599,28.109,5.421,29.509,16.394,36.469,20.736,3.901,36.234,9.426
01.11.2024 15:45,8.062,13.46,26.024,7.166,24.512,17.627,7.5,13.798,10.771,14.235,34.984,18.889,20.649,21.065,30.64,2.731,13.373,16.316,24.837,5.63,11.043,23.591,7.241,11.571,19.795,22.743,23.998,20.429,0.948,30.502,15.851,28.587,4.102,24.765,12.286,23.619,17.577,4.074,25.012,7.571
01.11.2024 16:00,5.943,9.683,17.694,6.907,26.023,12.433,7.418,11.65,7.802,15.883,25.096,16.311,16.047,24.882,22.509,2.348,9.759,14.596,18.846,5.291,6.603,20.296,5.369,10.672,15.149,16.712,22.943,21.936,0.843,19.832,15.263,20.091,3.913,18.851,10.282,19.195,12.203,2.982,23.34,6.206
01.11.2024 16:15,6.139,8.363,18.215,5.635,17.313,10.732,5.448,9.776,5.431,11.038,16.231,11.118,13.103,14.021,17.408,1.954,6.767,7.898,10.725,3.628,6.32,13.556,3.898,7.956,11.656,14.007,17.356,11.454,0.669,20.701,11.419,13.212,2.632,17.608,8.531,12.818,11.445,1.736,20.79,4.193
01.11.2024 16:30,3.704,5.641,9.153,3.494,13.436,7.279,3.155,7.145,4.133,7.477,14.186,9.133,8.281,10.446,10.864,1.206,4.665,5.263,7.557,2.222,3.205,9.73,2.406,4.407,7.0,9.95,9.131,10.564,0.444,12.164,7.134,9.995,1.69,11.369,4.692,10.048,5.672,1.597,13.943,3.114
01.11.2024 16:45,1.927,3.141,6.251,1.994,6.422,3.921,1.735,3.439,2.12,3.421,7.375,5.297,3.427,4.366,5.078,0.706,2.82,3.585,3.627,0.989,1.979,5.043,1.371,2.482,4.221,3.955,5.593,4.392,0.191,6.176,3.127,4.5,1.073,5.44,2.094,4.646,3.315,0.694,5.142,1.274
01.11.2024 17:00,0.0,0.0,0.0,0.0,0.0,0.0,0.0,0.0,0.0,0.0,0.0,0.0,0.0,0.0,0.0,0.0,0.0,0.0,0.0,0.0,0.0,0.0,0.0,0.0,0.0,0.0,0.0,0.0,0.0,0.0,0.0,0.0,0.0,0.0,0.0,0.0,0.0,0.0,0.0,0.0
01.11.2024 17:15,0.0,0.0,0.0,0.0,0.0,0.0,0.0,0.0,0.0,0.0,0.0,0.0,0.0,0.0,0.0,0.0,0.0,0.0,0.0,0.0,0.0,0.0,0.0,0.0,0.0,0.0,0.0,0.0,0.0,0.0,0.0,0.0,0.0,0.0,0.0,0.0,0.0,0.0,0.0,0.0
01.11.2024 17:30,0.0,0.0,0.0,0.0,0.0,0.0,0.0,0.0,0.0,0.0,0.0,0.0,0.0,0.0,0.0,0.0,0.0,0.0,0.0,0.0,0.0,0.0,0.0,0.0,0.0,0.0,0.0,0.0,0.0,0.0,0.0,0.0,0.0,0.0,0.0,0.0,0.0,0.0,0.0,0.0
01.11.2024 17:45,0.0,0.0,0.0,0.0,0.0,0.0,0.0,0.0,0.0,0.0,0.0,0.0,0.0,0.0,0.0,0.0,0.0,0.0,0.0,0.0,0.0,0.0,0.0,0.0,0.0,0.0,0.0,0.0,0.0,0.0,0.0,0.0,0.0,0.0,0.0,0.0,0.0,0.0,0.0,0.0
01.11.2024 18:00,0.0,0.0,0.0,0.0,0.0,0.0,0.0,0.0,0.0,0.0,0.0,0.0,0.0,0.0,0.0,0.0,0.0,0.0,0.0,0.0,0.0,0.0,0.0,0.0,0.0,0.0,0.0,0.0,0.0,0.0,0.0,0.0,0.0,0.0,0.0,0.0,0.0,0.0,0.0,0.0
01.11.2024 18:15,0.0,0.0,0.0,0.0,0.0,0.0,0.0,0.0,0.0,0.0,0.0,0.0,0.0,0.0,0.0,0.0,0.0,0.0,0.0,0.0,0.0,0.0,0.0,0.0,0.0,0.0,0.0,0.0,0.0,0.0,0.0,0.0,0.0,0.0,0.0,0.0,0.0,0.0,0.0,0.0
01.11.2024 18:30,0.0,0.0,0.0,0.0,0.0,0.0,0.0,0.0,0.0,0.0,0.0,0.0,0.0,0.0,0.0,0.0,0.0,0.0,0.0,0.0,0.0,0.0,0.0,0.0,0.0,0.0,0.0,0.0,0.0,0.0,0.0,0.0,0.0,0.0,0.0,0.0,0.0,0.0,0.0,0.0
01.11.2024 18:45,0.0,0.0,0.0,0.0,0.0,0.0,0.0,0.0,0.0,0.0,0.0,0.0,0.0,0.0,0.0,0.0,0.0,0.0,0.0,0.0,0.0,0.0,0.0,0.0,0.0,0.0,0.0,0.0,0.0,0.0,0.0,0.0,0.0,0.0,0.0,0.0,0.0,0.0,0.0,0.0
01.11.2024 19:00,0.0,0.0,0.0,0.0,0.0,0.0,0.0,0.0,0.0,0.0,0.0,0.0,0.0,0.0,0.0,0.0,0.0,0.0,0.0,0.0,0.0,0.0,0.0,0.0,0.0,0.0,0.0,0.0,0.0,0.0,0.0,0.0,0.0,0.0,0.0,0.0,0.0,0.0,0.0,0.0
01.11.2024 19:15,0.0,0.0,0.0,0.0,0.0,0.0,0.0,0.0,0.0,0.0,0.0,0.0,0.0,0.0,0.0,0.0,0.0,0.0,0.0,0.0,0.0,0.0,0.0,0.0,0.0,0.0,0.0,0.0,0.0,0.0,0.0,0.0,0.0,0.0,0.0,0.0,0.0,0.0,0.0,0.0
01.11.2024 19:30,0.0,0.0,0.0,0.0,0.0,0.0,0.0,0.0,0.0,0.0,0.0,0.0,0.0,0.0,0.0,0.0,0.0,0.0,0.0,0.0,0.0,0.0,0.0,0.0,0.0,0.0,0.0,0.0,0.0,0.0,0.0,0.0,0.0,0.0,0.0,0.0,0.0,0.0,0.0,0.0
01.11.2024 19:45,0.0,0.0,0.0,0.0,0.0,0.0,0.0,0.0,0.0,0.0,0.0,0.0,0.0,0.0,0.0,0.0,0.0,0.0,0.0,0.0,0.0,0.0,0.0,0.0,0.0,0.0,0.0,0.0,0.0,0.0,0.0,0.0,0.0,0.0,0.0,0.0,0.0,0.0,0.0,0.0
01.11.2024 20:00,0.0,0.0,0.0,0.0,0.0,0.0,0.0,0.0,0.0,0.0,0.0,0.0,0.0,0.0,0.0,0.0,0.0,0.0,0.0,0.0,0.0,0.0,0.0,0.0,0.0,0.0,0.0,0.0,0.0,0.0,0.0,0.0,0.0,0.0,0.0,0.0,0.0,0.0,0.0,0.0
01.11.2024 20:15,0.0,0.0,0.0,0.0,0.0,0.0,0.0,0.0,0.0,0.0,0.0,0.0,0.0,0.0,0.0,0.0,0.0,0.0,0.0,0.0,0.0,0.0,0.0,0.0,0.0,0.0,0.0,0.0,0.0,0.0,0.0,0.0,0.0,0.0,0.0,0.0,0.0,0.0,0.0,0.0
01.11.2024 20:30,0.0,0.0,0.0,0.0,0.0,0.0,0.0,0.0,0.0,0.0,0.0,0.0,0.0,0.0,0.0,0.0,0.0,0.0,0.0,0.0,0.0,0.0,0.0,0.0,0.0,0.0,0.0,0.0,0.0,0.0,0.0,0.0,0.0,0.0,0.0,0.0,0.0,0.0,0.0,0.0
01.11.2024 20:45,0.0,0.0,0.0,0.0,0.0,0.0,0.0,0.0,0.0,0.0,0.0,0.0,0.0,0.0,0.0,0.0,0.0,0.0,0.0,0.0,0.0,0.0,0.0,0.0,0.0,0.0,0.0,0.0,0.0,0.0,0.0,0.0,0.0,0.0,0.0,0.0,0.0,0.0,0.0,0.0
01.11.2024 21:00,0.0,0.0,0.0,0.0,0.0,0.0,0.0,0.0,0.0,0.0,0.0,0.0,0.0,0.0,0.0,0.0,0.0,0.0,0.0,0.0,0.0,0.0,0.0,0.0,0.0,0.0,0.0,0.0,0.0,0.0,0.0,0.0,0.0,0.0,0.0,0.0,0.0,0.0,0.0,0.0
01.11.2024 21:15,0.0,0.0,0.0,0.0,0.0,0.0,0.0,0.0,0.0,0.0,0.0,0.0,0.0,0.0,0.0,0.0,0.0,0.0,0.0,0.0,0.0,0.0,0.0,0.0,0.0,0.0,0.0,0.0,0.0,0.0,0.0,0.0,0.0,0.0,0.0,0.0,0.0,0.0,0.0,0.0
01.11.2024 21:30,0.0,0.0,0.0,0.0,0.0,0.0,0.0,0.0,0.0,0.0,0.0,0.0,0.0,0.0,0.0,0.0,0.0,0.0,0.0,0.0,0.0,0.0,0.0,0.0,0.0,0.0,0.0,0.0,0.0,0.0,0.0,0.0,0.0,0.0,0.0,0.0,0.0,0.0,0.0,0.0
01.11.2024 21:45,0.0,0.0,0.0,0.0,0.0,0.0,0.0,0.0,0.0,0.0,0.0,0.0,0.0,0.0,0.0,0.0,0.0,0.0,0.0,0.0,0.0,0.0,0.0,0.0,0.0,0.0,0.0,0.0,0.0,0.0,0.0,0.0,0.0,0.0,0.0,0.0,0.0,0.0,0.0,0.0
01.11.2024 22:00,0.0,0.0,0.0,0.0,0.0,0.0,0.0,0.0,0.0,0.0,0.0,0.0,0.0,0.0,0.0,0.0,0.0,0.0,0.0,0.0,0.0,0.0,0.0,0.0,0.0,0.0,0.0,0.0,0.0,0.0,0.0,0.0,0.0,0.0,0.0,0.0,0.0,0.0,0.0,0.0
01.11.2024 22:15,0.0,0.0,0.0,0.0,0.0,0.0,0.0,0.0,0.0,0.0,0.0,0.0,0.0,0.0,0.0,0.0,0.0,0.0,0.0,0.0,0.0,0.0,0.0,0.0,0.0,0.0,0.0,0.0,0.0,0.0,0.0,0.0,0.0,0.0,0.0,0.0,0.0,0.0,0.0,0.0
01.11.2024 22:30,0.0,0.0,0.0,0.0,0.0,0.0,0.0,0.0,0.0,0.0,0.0,0.0,0.0,0.0,0.0,0.0,0.0,0.0,0.0,0.0,0.0,0.0,0.0,0.0,0.0,0.0,0.0,0.0,0.0,0.0,0.0,0.0,0.0,0.0,0.0,0.0,0.0,0.0,0.0,0.0
01.11.2024 22:45,0.0,0.0,0.0,0.0,0.0,0.0,0.0,0.0,0.0,0.0,0.0,0.0,0.0,0.0,0.0,0.0,0.0,0.0,0.0,0.0,0.0,0.0,0.0,0.0,0.0,0.0,0.0,0.0,0.0,0.0,0.0,0.0,0.0,0.0,0.0,0.0,0.0,0.0,0.0,0.0
01.11.2024 23:00,0.0,0.0,0.0,0.0,0.0,0.0,0.0,0.0,0.0,0.0,0.0,0.0,0.0,0.0,0.0,0.0,0.0,0.0,0.0,0.0,0.0,0.0,0.0,0.0,0.0,0.0,0.0,0.0,0.0,0.0,0.0,0.0,0.0,0.0,0.0,0.0,0.0,0.0,0.0,0.0
01.11.2024 23:15,0.0,0.0,0.0,0.0,0.0,0.0,0.0,0.0,0.0,0.0,0.0,0.0,0.0,0.0,0.0,0.0,0.0,0.0,0.0,0.0,0.0,0.0,0.0,0.0,0.0,0.0,0.0,0.0,0.0,0.0,0.0,0.0,0.0,0.0,0.0,0.0,0.0,0.0,0.0,0.0
01.11.2024 23:30,0.0,0.0,0.0,0.0,0.0,0.0,0.0,0.0,0.0,0.0,0.0,0.0,0.0,0.0,0.0,0.0,0.0,0.0,0.0,0.0,0.0,0.0,0.0,0.0,0.0,0.0,0.0,0.0,0.0,0.0,0.0,0.0,0.0,0.0,0.0,0.0,0.0,0.0,0.0,0.0
01.11.2024 23:45,0.0,0.0,0.0,0.0,0.0,0.0,0.0,0.0,0.0,0.0,0.0,0.0,0.0,0.0,0.0,0.0,0.0,0.0,0.0,0.0,0.0,0.0,0.0,0.0,0.0,0.0,0.0,0.0,0.0,0.0,0.0,0.0,0.0,0.0,0.0,0.0,0.0,0.0,0.0,0.0
02.11.2024 00:00,0.0,0.0,0.0,0.0,0.0,0.0,0.0,0.0,0.0,0.0,0.0,0.0,0.0,0.0,0.0,0.0,0.0,0.0,0.0,0.0,0.0,0.0,0.0,0.0,0.0,0.0,0.0,0.0,0.0,0.0,0.0,0.0,0.0,0.0,0.0,0.0,0.0,0.0,0.0,0.0
02.11.2024 00:15,0.0,0.0,0.0,0.0,0.0,0.0,0.0,0.0,0.0,0.0,0.0,0.0,0.0,0.0,0.0,0.0,0.0,0.0,0.0,0.0,0.0,0.0,0.0,0.0,0.0,0.0,0.0,0.0,0.0,0.0,0.0,0.0,0.0,0.0,0.0,0.0,0.0,0.0,0.0,0.0
02.11.2024 00:30,0.0,0.0,0.0,0.0,0.0,0.0,0.0,0.0,0.0,0.0,0.0,0.0,0.0,0.0,0.0,0.0,0.0,0.0,0.0,0.0,0.0,0.0,0.0,0.0,0.0,0.0,0.0,0.0,0.0,0.0,0.0,0.0,0.0,0.0,0.0,0.0,0.0,0.0,0.0,0.0
02.11.2024 00:45,0.0,0.0,0.0,0.0,0.0,0.0,0.0,0.0,0.0,0.0,0.0,0.0,0.0,0.0,0.0,0.0,0.0,0.0,0.0,0.0,0.0,0.0,0.0,0.0,0.0,0.0,0.0,0.0,0.0,0.0,0.0,0.0,0.0,0.0,0.0,0.0,0.0,0.0,0.0,0.0
02.11.2024 01:00,0.0,0.0,0.0,0.0,0.0,0.0,0.0,0.0,0.0,0.0,0.0,0.0,0.0,0.0,0.0,0.0,0.0,0.0,0.0,0.0,0.0,0.0,0.0,0.0,0.0,0.0,0.0,0.0,0.0,0.0,0.0,0.0,0.0,0.0,0.0,0.0,0.0,0.0,0.0,0.0
02.11.2024 01:15,0.0,0.0,0.0,0.0,0.0,0.0,0.0,0.0,0.0,0.0,0.0,0.0,0.0,0.0,0.0,0.0,0.0,0.0,0.0,0.0,0.0,0.0,0.0,0.0,0.0,0.0,0.0,0.0,0.0,0.0,0.0,0.0,0.0,0.0,0.0,0.0,0.0,0.0,0.0,0.0
02.11.2024 01:30,0.0,0.0,0.0,0.0,0.0,0.0,0.0,0.0,0.0,0.0,0.0,0.0,0.0,0.0,0.0,0.0,0.0,0.0,0.0,0.0,0.0,0.0,0.0,0.0,0.0,0.0,0.0,0.0,0.0,0.0,0.0,0.0,0.0,0.0,0.0,0.0,0.0,0.0,0.0,0.0
02.11.2024 01:45,0.0,0.0,0.0,0.0,0.0,0.0,0.0,0.0,0.0,0.0,0.0,0.0,0.0,0.0,0.0,0.0,0.0,0.0,0.0,0.0,0.0,0.0,0.0,0.0,0.0,0.0,0.0,0.0,0.0,0.0,0.0,0.0,0.0,0.0,0.0,0.0,0.0,0.0,0.0,0.0
02.11.2024 02:00,0.0,0.0,0.0,0.0,0.0,0.0,0.0,0.0,0.0,0.0,0.0,0.0,0.0,0.0,0.0,0.0,0.0,0.0,0.0,0.0,0.0,0.0,0.0,0.0,0.0,0.0,0.0,0.0,0.0,0.0,0.0,0.0,0.0,0.0,0.0,0.0,0.0,0.0,0.0,0.0
02.11.2024 02:15,0.0,0.0,0.0,0.0,0.0,0.0,0.0,0.0,0.0,0.0,0.0,0.0,0.0,0.0,0.0,0.0,0.0,0.0,0.0,0.0,0.0,0.0,0.0,0.0,0.0,0.0,0.0,0.0,0.0,0.0,0.0,0.0,0.0,0.0,0.0,0.0,0.0,0.0,0.0,0.0
02.11.2024 02:30,0.0,0.0,0.0,0.0,0.0,0.0,0.0,0.0,0.0,0.0,0.0,0.0,0.0,0.0,0.0,0.0,0.0,0.0,0.0,0.0,0.0,0.0,0.0,0.0,0.0,0.0,0.0,0.0,0.0,0.0,0.0,0.0,0.0,0.0,0.0,0.0,0.0,0.0,0.0,0.0
02.11.2024 02:45,0.0,0.0,0.0,0.0,0.0,0.0,0.0,0.0,0.0,0.0,0.0,0.0,0.0,0.0,0.0,0.0,0.0,0.0,0.0,0.0,0.0,0.0,0.0,0.0,0.0,0.0,0.0,0.0,0.0,0.0,0.0,0.0,0.0,0.0,0.0,0.0,0.0,0.0,0.0,0.0
02.11.2024 03:00,0.0,0.0,0.0,0.0,0.0,0.0,0.0,0.0,0.0,0.0,0.0,0.0,0.0,0.0,0.0,0.0,0.0,0.0,0.0,0.0,0.0,0.0,0.0,0.0,0.0,0.0,0.0,0.0,0.0,0.0,0.0,0.0,0.0,0.0,0.0,0.0,0.0,0.0,0.0,0.0
02.11.2024 03:15,0.0,0.0,0.0,0.0,0.0,0.0,0.0,0.0,0.0,0.0,0.0,0.0,0.0,0.0,0.0,0.0,0.0,0.0,0.0,0.0,0.0,0.0,0.0,0.0,0.0,0.0,0.0,0.0,0.0,0.0,0.0,0.0,0.0,0.0,0.0,0.0,0.0,0.0,0.0,0.0
02.11.2024 03:30,0.0,0.0,0.0,0.0,0.0,0.0,0.0,0.0,0.0,0.0,0.0,0.0,0.0,0.0,0.0,0.0,0.0,0.0,0.0,0.0,0.0,0.0,0.0,0.0,0.0,0.0,0.0,0.0,0.0,0.0,0.0,0.0,0.0,0.0,0.0,0.0,0.0,0.0,0.0,0.0
02.11.2024 03:45,0.0,0.0,0.0,0.0,0.0,0.0,0.0,0.0,0.0,0.0,0.0,0.0,0.0,0.0,0.0,0.0,0.0,0.0,0.0,0.0,0.0,0.0,0.0,0.0,0.0,0.0,0.0,0.0,0.0,0.0,0.0,0.0,0.0,0.0,0.0,0.0,0.0,0.0,0.0,0.0
02.11.2024 04:00,0.0,0.0,0.0,0.0,0.0,0.0,0.0,0.0,0.0,0.0,0.0,0.0,0.0,0.0,0.0,0.0,0.0,0.0,0.0,0.0,0.0,0.0,0.0,0.0,0.0,0.0,0.0,0.0,0.0,0.0,0.0,0.0,0.0,0.0,0.0,0.0,0.0,0.0,0.0,0.0
02.11.2024 04:15,0.0,0.0,0.0,0.0,0.0,0.0,0.0,0.0,0.0,0.0,0.0,0.0,0.0,0.0,0.0,0.0,0.0,0.0,0.0,0.0,0.0,0.0,0.0,0.0,0.0,0.0,0.0,0.0,0.0,0.0,0.0,0.0,0.0,0.0,0.0,0.0,0.0,0.0,0.0,0.0
02.11.2024 04:30,0.0,0.0,0.0,0.0,0.0,0.0,0.0,0.0,0.0,0.0,0.0,0.0,0.0,0.0,0.0,0.0,0.0,0.0,0.0,0.0,0.0,0.0,0.0,0.0,0.0,0.0,0.0,0.0,0.0,0.0,0.0,0.0,0.0,0.0,0.0,0.0,0.0,0.0,0.0,0.0
02.11.2024 04:45,0.0,0.0,0.0,0.0,0.0,0.0,0.0,0.0,0.0,0.0,0.0,0.0,0.0,0.0,0.0,0.0,0.0,0.0,0.0,0.0,0.0,0.0,0.0,0.0,0.0,0.0,0.0,0.0,0.0,0.0,0.0,0.0,0.0,0.0,0.0,0.0,0.0,0.0,0.0,0.0
02.11.2024 05:00,0.0,0.0,0.0,0.0,0.0,0.0,0.0,0.0,0.0,0.0,0.0,0.0,0.0,0.0,0.0,0.0,0.0,0.0,0.0,0.0,0.0,0.0,0.0,0.0,0.0,0.0,0.0,0.0,0.0,0.0,0.0,0.0,0.0,0.0,0.0,0.0,0.0,0.0,0.0,0.0
02.11.2024 05:15,2.071,2.305,4.122,1.434,5.018,4.46,2.077,2.88,2.745,3.182,7.512,3.138,4.417,6.229,4.54,0.498,2.655,2.744,4.893,1.323,1.806,4.029,2.116,2.345,4.022,3.671,6.574,4.269,0.177,5.293,2.953,3.703,0.983,5.656,2.234,3.658,4.606,0.847,6.223,1.288
02.11.2024 05:30,3.442,4.8,9.48,2.792,9.389,6.773,3.151,4.486,5.575,6.231,14.66,9.071,6.88,10.084,11.319,1.279,4.769,5.331,10.885,2.657,3.549,8.212,3.961,4.945,6.897,7.202,12.269,8.988,0.347,11.517,5.561,7.867,1.569,9.075,4.471,8.756,7.342,1.66,11.642,2.519
02.11.2024 05:45,5.911,6.74,13.284,4.261,16.768,12.309,5.683,7.401,5.703,10.935,16.818,10.922,12.359,12.515,13.334,1.857,6.386,9.362,12.974,3.375,5.166,16.372,5.769,8.285,12.052,14.344,22.057,16.021,0.441,13.699,10.669,10.393,2.9,15.803,8.203,14.87,11.043,2.404,15.345,3.704
02.11.2024 06:00,7.984,11.877,18.221,5.651,16.019,14.588,5.826,8.719,9.338,13.116,25.21,17.221,15.556,19.345,18.419,1.982,9.385,11.171,16.548,4.75,7.681,20.357,8.556,7.97,14.185,19.388,23.284,18.921,0.741,25.92,9.825,18.568,2.751,20.519,10.101,15.885,15.291,3.874,23.231,6.862
02.11.2024 06:15,8.012,12.152,19.46,7.404,20.672,17.071,8.578,10.779,9.573,19.73,29.442,20.656,19.204,21.602,27.8,2.383,10.927,15.286,19.615,5.316,10.501,19.636,8.046,12.483,15.96,21.63,33.762,25.948,0.668,31.061,14.087,18.94,3.651,28.04,11.95,22.936,22.088,4.845,31.585,6.431
02.11.2024 06:30,10.832,13.513,28.318,8.804,22.514,21.727,12.715,13.541,16.45,18.186,35.819,22.608,19.685,25.598,33.774,3.798,17.716,15.934,23.725,5.502,10.285,27.072,9.132,15.56,19.172,23.498,33.18,29.785,1.092,29.055,21.224,21.157,4.095,34.206,14.303,26.488,23.191,4.678,37.701,8.44
02.11.2024 06:45,11.401,16.984,34.932,9.982,31.116,21.182,10.344,17.649,16.536,23.715,40.711,27.777,27.149,31.763,30.692,4.286,16.216,20.865,26.666,7.307,11.249,29.812,11.391,19.723,21.355,30.34,42.704,34.621,0.909,44.776,22.131,30.999,5.378,27.34,15.685,33.662,27.723,6.082,40.223,9.894
02.11.2024 07:00,12.419,18.146,31.144,9.641,32.827,32.362,13.497,22.275,15.471,21.898,55.079,32.893,31.839,32.26,44.195,4.053,18.521,20.454,30.66,8.872,14.353,38.123,16.097,21.032,23.242,29.707,49.208,34.548,1.343,39.884,23.892,36.831,6.847,41.023,19.282,36.52,33.038,7.732,47.2,11.88
02.11.2024 07:15,19.928,23.777,38.047,12.518,45.831,28.827,14.282,22.01,17.561,29.978,53.075,30.421,26.962,46.848,54.402,5.135,25.148,20.432,39.874,8.641,13.309,41.443,13.043,18.961,26.254,31.931,49.974,43.076,1.164,51.412,23.116,29.016,6.345,34.932,19.478,36.823,43.119,8.735,63.519,10.53
02.11.2024 07:30,16.9,28.124,49.609,11.915,45.46,38.38,19.712,22.58,21.829,27.203,59.827,32.155,34.834,39.526,57.424,4.487,25.805,31.707,41.894,11.719,19.01,44.649,18.169,24.745,27.124,38.752,58.2,37.903,1.378,58.864,32.602,35.088,8.602,47.485,26.008,41.663,33.924,8.144,55.765,12.411
02.11.2024 07:45,22.063,24.921,41.982,12.645,49.282,31.55,21.095,21.728,29.29,42.66,76.541,39.79,34.25,45.393,48.91,5.725,28.736,33.913,53.171,9.528,19.164,45.097,22.852,27.347,41.065,37.249,58.206,49.362,1.799,61.856,27.5,50.017,8.129,46.096,22.061,49.103,48.453,8.663,57.339,17.708
02.11.2024 08:00,18.911,31.27,49.896,18.703,51.061,48.343,17.648,28.436,28.891,42.857,56.667,44.767,45.736,46.152,64.096,4.933,30.111,37.376,60.765,11.174,20.339,44.656,23.39,28.987,44.622,44.608,55.003,56.036,1.612,70.458,30.119,43.363,8.417,49.778,32.668,43.492,52.463,8.669,61.052,18.854
02.11.2024 08:15,23.816,29.728,42.579,17.663,44.745,38.146,17.457,26.831,32.847,40.644,72.729,46.673,40.175,48.279,70.573,6.201,35.947,36.243,62.991,10.597,19.894,60.886,21.98,31.856,41.816,56.256,64.662,50.561,1.883,73.382,31.264,56.706,10.081,53.908,24.487,44.738,58.617,12.022,71.067,19.182
02.11.2024 08:30,25.758,26.293,55.82,19.03,55.057,52.911,23.26,32.482,28.718,35.921,85.519,49.723,37.971,55.883,57.038,5.665,28.547,37.666,60.699,12.574,26.46,67.44,18.998,34.627,48.392,56.809,83.223,55.204,2.301,80.773,32.532,46.235,7.992,63.277,36.191,40.706,64.945,9.227,84.138,14.705
02.11.2024 08:45,25.273,34.264,46.746,18.016,70.626,54.04,21.684,38.623,26.09,46.749,69.458,45.22,42.384,66.285,84.179,7.067,40.71,37.552,53.112,11.104,19.922,72.225,27.336,26.237,38.943,61.449,89.575,56.934,1.692,61.557,46.733,47.189,11.016,58.959,36.302,59.841,46.969,11.691,70.44,17.769
02.11.2024 09:00,24.949,33.234,68.71,22.734,69.379,59.454,25.835,28.429,39.71,51.787,87.767,54.321,49.009,79.416,89.665,7.186,40.35,32.403,71.651,12.801,28.433,52.574,26.148,27.42,53.846,60.836,76.816,55.345,2.411,67.543,42.961,48.994,9.245,71.783,35.565,61.637,52.245,10.819,90.035,20.913
02.11.2024 09:15,25.093,36.182,65.076,21.36,73.171,51.4,20.35,30.741,27.995,42.563,77.888,42.198,39.563,79.6,91.512,7.495,38.398,34.459,65.023,13.911,24.34,72.427,22.043,37.742,48.122,52.672,84.045,65.019,1.83,79.817,45.188,47.724,9.701,65.306,39.776,47.865,72.614,11.233,69.502,18.76
02.11.2024 09:30,25.05,40.504,68.59,23.112,73.396,58.269,22.01,35.282,42.295,51.367,102.652,52.009,50.928,81.827,93.865,6.445,40.872,37.016,59.417,14.692,30.331,74.2,22.484,31.325,40.852,64.558,73.265,85.013,1.938,85.032,52.239,68.206,11.348,57.771,29.914,60.262,63.804,12.26,85.611,24.725
02.11.2024 09:45,31.86,34.947,67.951,20.276,55.929,51.902,28.409,43.262,34.959,57.652,85.32,41.895,58.559,63.317,93.948,7.61,41.88,47.756,83.411,15.351,29.39,82.154,32.023,29.352,43.343,68.525,82.457,68.875,1.975,80.625,40.512,71.844,12.938,79.556,30.998,58.956,68.3,15.729,100.603,22.951
02.11.2024 10:00,31.237,42.241,66.16,25.869,60.315,48.77,23.867,41.067,30.367,57.807,87.032,49.385,57.882,67.07,92.388,9.039,33.36,36.518,70.338,13.909,23.071,64.021,29.961,34.934,47.647,70.219,104.484,73.464,2.841,67.124,37.246,72.593,11.683,66.517,32.516,51.625,72.421,11.037,86.378,18.424
02.11.2024 10:15,33.046,40.533,63.341,25.053,54.979,55.37,31.303,43.456,41.388,59.388,98.497,50.902,42.485,62.289,95.887,7.868,36.678,49.729,68.092,15.555,31.459,79.068,32.235,41.665,42.8,64.679,99.45,80.455,2.096,93.146,49.116,71.093,12.143,71.755,32.698,73.626,74.045,14.114,96.05,26.276
02.11.2024 10:30,23.801,36.947,74.461,25.655,63.806,49.603,22.795,35.257,46.521,61.619,83.601,51.956,61.96,84.056,102.053,9.094,49.748,43.258,89.542,15.529,30.061,59.843,33.14,31.769,48.875,53.688,85.053,81.21,2.811,97.855,48.03,71.685,12.82,79.921,33.805,55.221,81.97,11.565,83.421,27.016
02.11.2024 10:45,30.621,38.769,77.274,19.677,58.694,68.717,24.69,45.349,46.733,63.222,87.962,58.663,56.029,62.871,97.928,7.968,43.06,46.723,91.534,14.328,22.875,77.075,29.775,40.179,43.87,49.659,87.554,91.058,2.916,79.804,47.884,67.398,10.461,69.733,37.673,51.807,84.384,12.085,104.297,19.107
02.11.2024 11:00,32.828,34.592,65.242,20.644,68.879,48.39,33.486,31.839,34.228,51.835,93.141,51.957,44.835,77.636,86.223,8.145,40.697,36.274,74.294,17.424,24.016,68.953,29.183,30.199,47.718,52.197,109.396,88.415,2.326,73.769,40.043,71.699,13.07,61.499,29.532,65.086,76.788,13.76,78.143,23.345
02.11.2024 11:15,24.174,44.135,76.131,20.763,74.312,59.617,27.109,30.921,34.575,55.184,90.425,53.014,41.498,67.943,88.257,8.577,47.394,38.8,75.002,15.53,29.536,80.973,28.085,31.733,48.248,71.675,85.527,86.276,2.558,66.63,47.7,55.883,11.113,70.697,34.381,68.472,64.445,14.176,108.257,21.194
02.11.2024 11:30,22.618,39.07,66.452,20.53,79.18,60.059,29.918,42.602,40.517,59.509,96.277,48.01,44.339,67.203,107.451,9.782,43.253,50.107,82.033,14.04,29.579,83.122,26.569,35.135,63.366,58.911,89.687,90.571,2.681,73.146,44.301,60.023,9.899,86.949,31.994,50.432,80.626,12.713,82.789,21.881
02.11.2024 11:45,29.498,29.513,64.398,25.581,74.83,57.385,23.895,43.072,41.311,56.84,97.952,50.252,57.145,88.398,74.377,6.898,34.29,37.848,86.407,17.431,30.116,67.85,27.58,30.807,46.813,67.333,101.141,67.722,2.28,87.078,43.71,65.658,10.539,77.013,36.475,65.202,56.753,12.938,106.96,19.721
02.11.2024 12:00,27.115,32.974,61.144,17.96,78.692,59.248,28.133,30.205,42.367,62.107,95.135,46.337,39.958,80.04,98.49,6.531,46.128,37.654,64.54,16.458,29.305,71.296,30.9,41.441,46.197,57.05,95.607,78.251,2.027,92.22,42.193,70.39,9.884,76.539,40.857,61.11,60.84,11.513,86.104,22.977
02.11.2024 12:15,29.156,36.321,53.796,18.026,53.87,46.144,28.8,29.848,33.147,40.886,96.328,42.187,43.132,80.534,106.232,8.191,45.377,35.209,79.91,16.8,28.021,58.539,28.366,40.884,54.37,60.155,89.91,84.634,2.235,64.818,43.555,63.869,9.579,73.776,33.548,49.723,77.425,12.492,97.564,25.848
02.11.2024 12:30,21.282,27.68,47.467,19.303,51.45,54.324,23.85,27.936,43.974,46.603,81.616,51.573,51.796,71.044,95.395,9.012,35.257,33.173,89.193,14.696,28.367,65.124,30.708,38.375,56.49,44.488,103.178,75.051,2.481,76.904,43.015,66.511,9.537,60.001,31.318,50.08,58.791,15.741,80.974,21.343
02.11.2024 12:45,26.813,26.354,51.404,18.169,66.014,47.179,28.289,27.993,38.149,43.767,72.912,51.203,47.013,76.777,102.953,8.844,46.967,33.668,66.643,12.519,25.572,61.686,25.129,30.313,45.816,47.835,76.519,82.663,2.414,78.585,41.113,56.284,8.814,63.915,29.477,57.437,56.132,15.208,98.355,17.242
02.11.2024 13:00,20.258,30.697,55.424,17.841,54.802,58.522,25.13,28.3,39.824,41.865,91.287,48.44,48.698,68.124,89.675,7.076,34.279,38.338,83.134,11.518,21.624,55.02,25.833,32.931,53.343,49.841,91.057,56.304,1.869,63.892,51.401,59.722,10.373,70.047,33.24,49.577,52.141,11.673,69.404,20.944
02.11.2024 13:15,18.987,27.961,50.327,21.526,51.768,52.745,22.132,36.429,34.176,39.439,90.378,43.653,46.002,72.637,65.488,6.73,36.549,34.089,81.324,12.83,26.677,69.956,24.973,27.364,41.72,51.489,68.692,62.776,1.748,69.044,48.765,62.92,9.597,51.254,23.58,60.89,66.871,12.369,68.159,17.961
02.11.2024 13:30,18.0,27.788,49.274,18.864,51.073,54.121,22.598,31.142,31.047,45.812,68.179,40.162,32.679,53.515,87.251,6.862,30.152,33.716,59.955,13.615,17.594,49.477,23.409,27.265,37.416,40.415,79.207,73.1,2.239,69.393,41.0,43.416,9.366,52.888,31.918,55.727,55.724,13.386,74.311,20.914
02.11.2024 13:45,22.033,24.35,56.701,14.027,47.121,35.129,21.565,30.66,36.34,33.365,68.809,45.714,43.558,57.53,67.142,6.265,35.344,26.465,69.273,11.299,19.5,57.461,23.07,28.49,37.646,48.592,82.157,55.357,1.485,68.517,45.162,55.968,7.827,49.968,24.541,55.898,56.423,8.765,58.719,16.895
02.11.2024 14:00,19.489,21.831,41.946,16.022,49.03,37.023,17.037,28.74,29.685,41.211,67.075,37.762,31.452,55.921,67.931,6.055,30.477,32.75,53.193,11.588,21.091,59.183,17.911,29.12,39.712,38.954,65.972,59.928,1.868,55.52,42.787,45.406,8.668,50.088,21.936,39.821,44.351,11.573,58.157,14.31
02.11.2024 14:15,17.086,25.196,40.712,14.851,44.421,33.138,17.616,24.414,30.772,37.7,63.318,34.599,33.532,46.247,60.156,6.141,28.285,30.237,60.917,8.682,17.445,55.529,18.696,20.789,33.643,43.136,67.979,41.406,1.303,57.823,31.549,44.416,6.192,57.096,26.115,48.81,50.853,11.34,72.576,13.332
02.11.2024 14:30,14.646,21.674,32.629,12.074,42.234,28.003,15.854,24.818,29.301,29.046,61.277,26.062,31.975,51.233,54.749,5.402,31.52,20.201,57.719,8.237,13.4,49.112,14.41,21.038,35.132,29.558,64.772,50.727,1.668,44.579,30.355,44.703,6.878,36.478,23.642,36.906,46.896,7.439,67.64,15.552
02.11.2024 14:45,16.192,17.245,28.52,13.993,41.012,28.467,14.815,20.97,24.249,26.493,42.861,27.453,23.869,48.236,53.8,4.468,20.543,21.661,42.494,9.027,12.443,34.87,14.852,24.457,26.88,34.343,44.62,50.399,1.559,38.99,33.664,34.205,5.536,40.453,19.288,32.537,35.787,7.028,49.197,11.612
02.11.2024 15:00,12.033,16.303,34.711,12.756,32.978,30.576,15.323,16.792,20.81,27.781,51.336,25.086,29.405,36.22,47.587,3.953,25.86,16.861,46.412,7.665,14.317,40.572,13.896,18.262,29.264,26.365,50.692,36.815,1.11,34.57,26.821,30.944,5.515,31.421,13.176,25.591,33.499,8.676,54.373,12.761
02.11.2024 15:15,12.445,16.055,28.381,11.4,27.525,22.504,12.179,16.403,14.479,25.781,34.348,22.338,21.691,30.621,46.81,3.737,21.119,20.06,42.683,7.295,14.136,28.956,13.056,19.535,22.543,28.336,48.211,27.616,0.887,32.871,20.213,28.645,4.47,37.788,15.769,22.679,27.097,6.586,41.795,8.996
02.11.2024 15:30,9.261,11.066,26.319,9.925,22.929,21.873,12.472,14.012,12.763,23.193,35.515,20.767,15.483,27.31,43.461,2.999,21.315,16.955,31.099,5.846,10.497,32.113,12.518,17.197,20.448,21.002,36.666,23.963,0.918,24.467,21.347,19.835,4.628,23.198,11.521,25.755,31.502,4.528,32.195,8.19
02.11.2024 15:45,7.528,9.597,17.183,6.132,20.904,21.124,8.166,13.092,11.571,19.285,34.115,17.112,18.521,26.391,29.94,2.513,15.594,15.045,24.102,4.313,8.636,24.966,9.231,12.194,17.928,19.512,26.03,28.693,0.715,22.969,14.771,20.639,4.014,22.103,9.835,19.771,23.454,4.268,32.137,7.303
02.11.2024 16:00,6.237,7.433,16.522,7.318,19.659,15.848,6.919,11.113,9.256,16.115,23.769,14.17,13.101,19.643,23.333,1.654,10.01,9.303,18.801,3.574,6.412,20.635,7.808,8.886,15.196,17.243,20.307,21.739,0.606,21.414,12.67,15.279,3.056,20.217,7.115,14.436,20.888,3.732,25.411,7.017
02.11.2024 16:15,4.364,7.573,10.894,5.275,14.914,10.607,6.012,6.762,7.197,10.558,15.679,11.316,10.283,11.408,21.279,1.34,7.56,7.674,17.512,3.074,4.691,11.624,5.353,8.165,9.569,8.923,16.193,12.673,0.504,16.061,9.135,14.748,1.821,15.012,6.232,12.79,12.321,3.094,21.491,5.267
02.11.2024 16:30,3.462,4.94,7.195,3.655,9.663,7.022,3.672,5.177,4.922,7.945,14.544,7.698,6.423,9.459,14.315,1.023,7.142,4.55,13.598,1.802,2.802,9.618,3.747,4.224,8.131,5.925,10.041,8.265,0.28,8.386,6.188,7.051,1.27,8.972,4.509,7.385,9.924,2.102,10.874,2.651
02.11.2024 16:45,1.57,2.467,3.25,1.276,4.061,3.638,1.839,1.968,2.525,3.837,7.04,3.725,3.606,3.749,7.825,0.58,3.541,2.466,6.482,0.795,1.574,5.255,1.469,2.206,3.921,4.077,5.984,5.65,0.15,4.62,2.781,4.171,0.814,4.342,1.861,4.24,4.927,1.155,6.415,1.419
02.11.2024 17:00,0.0,0.0,0.0,0.0,0.0,0.0,0.0,0.0,0.0,0.0,0.0,0.0,0.0,0.0,0.0,0.0,0.0,0.0,0.0,0.0,0.0,0.0,0.0,0.0,0.0,0.0,0.0,0.0,0.0,0.0,0.0,0.0,0.0,0.0,0.0,0.0,0.0,0.0,0.0,0.0
02.11.2024 17:15,0.0,0.0,0.0,0.0,0.0,0.0,0.0,0.0,0.0,0.0,0.0,0.0,0.0,0.0,0.0,0.0,0.0,0.0,0.0,0.0,0.0,0.0,0.0,0.0,0.0,0.0,0.0,0.0,0.0,0.0,0.0,0.0,0.0,0.0,0.0,0.0,0.0,0.0,0.0,0.0
02.11.2024 17:30,0.0,0.0,0.0,0.0,0.0,0.0,0.0,0.0,0.0,0.0,0.0,0.0,0.0,0.0,0.0,0.0,0.0,0.0,0.0,0.0,0.0,0.0,0.0,0.0,0.0,0.0,0.0,0.0,0.0,0.0,0.0,0.0,0.0,0.0,0.0,0.0,0.0,0.0,0.0,0.0
02.11.2024 17:45,0.0,0.0,0.0,0.0,0.0,0.0,0.0,0.0,0.0,0.0,0.0,0.0,0.0,0.0,0.0,0.0,0.0,0.0,0.0,0.0,0.0,0.0,0.0,0.0,0.0,0.0,0.0,0.0,0.0,0.0,0.0,0.0,0.0,0.0,0.0,0.0,0.0,0.0,0.0,0.0
02.11.2024 18:00,0.0,0.0,0.0,0.0,0.0,0.0,0.0,0.0,0.0,0.0,0.0,0.0,0.0,0.0,0.0,0.0,0.0,0.0,0.0,0.0,0.0,0.0,0.0,0.0,0.0,0.0,0.0,0.0,0.0,0.0,0.0,0.0,0.0,0.0,0.0,0.0,0.0,0.0,0.0,0.0
02.11.2024 18:15,0.0,0.0,0.0,0.0,0.0,0.0,0.0,0.0,0.0,0.0,0.0,0.0,0.0,0.0,0.0,0.0,0.0,0.0,0.0,0.0,0.0,0.0,0.0,0.0,0.0,0.0,0.0,0.0,0.0,0.0,0.0,0.0,0.0,0.0,0.0,0.0,0.0,0.0,0.0,0.0
02.11.2024 18:30,0.0,0.0,0.0,0.0,0.0,0.0,0.0,0.0,0.0,0.0,0.0,0.0,0.0,0.0,0.0,0.0,0.0,0.0,0.0,0.0,0.0,0.0,0.0,0.0,0.0,0.0,0.0,0.0,0.0,0.0,0.0,0.0,0.0,0.0,0.0,0.0,0.0,0.0,0.0,0.0
02.11.2024 18:45,0.0,0.0,0.0,0.0,0.0,0.0,0.0,0.0,0.0,0.0,0.0,0.0,0.0,0.0,0.0,0.0,0.0,0.0,0.0,0.0,0.0,0.0,0.0,0.0,0.0,0.0,0.0,0.0,0.0,0.0,0.0,0.0,0.0,0.0,0.0,0.0,0.0,0.0,0.0,0.0
02.11.2024 19:00,0.0,0.0,0.0,0.0,0.0,0.0,0.0,0.0,0.0,0.0,0.0,0.0,0.0,0.0,0.0,0.0,0.0,0.0,0.0,0.0,0.0,0.0,0.0,0.0,0.0,0.0,0.0,0.0,0.0,0.0,0.0,0.0,0.0,0.0,0.0,0.0,0.0,0.0,0.0,0.0
02.11.2024 19:15,0.0,0.0,0.0,0.0,0.0,0.0,0.0,0.0,0.0,0.0,0.0,0.0,0.0,0.0,0.0,0.0,0.0,0.0,0.0,0.0,0.0,0.0,0.0,0.0,0.0,0.0,0.0,0.0,0.0,0.0,0.0,0.0,0.0,0.0,0.0,0.0,0.0,0.0,0.0,0.0
02.11.2024 19:30,0.0,0.0,0.0,0.0,0.0,0.0,0.0,0.0,0.0,0.0,0.0,0.0,0.0,0.0,0.0,0.0,0.0,0.0,0.0,0.0,0.0,0.0,0.0,0.0,0.0,0.0,0.0,0.0,0.0,0.0,0.0,0.0,0.0,0.0,0.0,0.0,0.0,0.0,0.0,0.0
02.11.2024 19:45,0.0,0.0,0.0,0.0,0.0,0.0,0.0,0.0,0.0,0.0,0.0,0.0,0.0,0.0,0.0,0.0,0.0,0.0,0.0,0.0,0.0,0.0,0.0,0.0,0.0,0.0,0.0,0.0,0.0,0.0,0.0,0.0,0.0,0.0,0.0,0.0,0.0,0.0,0.0,0.0
02.11.2024 20:00,0.0,0.0,0.0,0.0,0.0,0.0,0.0,0.0,0.0,0.0,0.0,0.0,0.0,0.0,0.0,0.0,0.0,0.0,0.0,0.0,0.0,0.0,0.0,0.0,0.0,0.0,0.0,0.0,0.0,0.0,0.0,0.0,0.0,0.0,0.0,0.0,0.0,0.0,0.0,0.0
02.11.2024 20:15,0.0,0.0,0.0,0.0,0.0,0.0,0.0,0.0,0.0,0.0,0.0,0.0,0.0,0.0,0.0,0.0,0.0,0.0,0.0,0.0,0.0,0.0,0.0,0.0,0.0,0.0,0.0,0.0,0.0,0.0,0.0,0.0,0.0,0.0,0.0,0.0,0.0,0.0,0.0,0.0
02.11.2024 20:30,0.0,0.0,0.0,0.0,0.0,0.0,0.0,0.0,0.0,0.0,0.0,0.0,0.0,0.0,0.0,0.0,0.0,0.0,0.0,0.0,0.0,0.0,0.0,0.0,0.0,0.0,0.0,0.0,0.0,0.0,0.0,0.0,0.0,0.0,0.0,0.0,0.0,0.0,0.0,0.0
02.11.2024 20:45,0.0,0.0,0.0,0.0,0.0,0.0,0.0,0.0,0.0,0.0,0.0,0.0,0.0,0.0,0.0,0.0,0.0,0.0,0.0,0.0,0.0,0.0,0.0,0.0,0.0,0.0,0.0,0.0,0.0,0.0,0.0,0.0,0.0,0.0,0.0,0.0,0.0,0.0,0.0,0.0
02.11.2024 21:00,0.0,0.0,0.0,0.0,0.0,0.0,0.0,0.0,0.0,0.0,0.0,0.0,0.0,0.0,0.0,0.0,0.0,0.0,0.0,0.0,0.0,0.0,0.0,0.0,0.0,0.0,0.0,0.0,0.0,0.0,0.0,0.0,0.0,0.0,0.0,0.0,0.0,0.0,0.0,0.0
02.11.2024 21:15,0.0,0.0,0.0,0.0,0.0,0.0,0.0,0.0,0.0,0.0,0.0,0.0,0.0,0.0,0.0,0.0,0.0,0.0,0.0,0.0,0.0,0.0,0.0,0.0,0.0,0.0,0.0,0.0,0.0,0.0,0.0,0.0,0.0,0.0,0.0,0.0,0.0,0.0,0.0,0.0
02.11.2024 21:30,0.0,0.0,0.0,0.0,0.0,0.0,0.0,0.0,0.0,0.0,0.0,0.0,0.0,0.0,0.0,0.0,0.0,0.0,0.0,0.0,0.0,0.0,0.0,0.0,0.0,0.0,0.0,0.0,0.0,0.0,0.0,0.0,0.0,0.0,0.0,0.0,0.0,0.0,0.0,0.0
02.11.2024 21:45,0.0,0.0,0.0,0.0,0.0,0.0,0.0,0.0,0.0,0.0,0.0,0.0,0.0,0.0,0.0,0.0,0.0,0.0,0.0,0.0,0.0,0.0,0.0,0.0,0.0,0.0,0.0,0.0,0.0,0.0,0.0,0.0,0.0,0.0,0.0,0.0,0.0,0.0,0.0,0.0
02.11.2024 22:00,0.0,0.0,0.0,0.0,0.0,0.0,0.0,0.0,0.0,0.0,0.0,0.0,0.0,0.0,0.0,0.0,0.0,0.0,0.0,0.0,0.0,0.0,0.0,0.0,0.0,0.0,0.0,0.0,0.0,0.0,0.0,0.0,0.0,0.0,0.0,0.0,0.0,0.0,0.0,0.0
02.11.2024 22:15,0.0,0.0,0.0,0.0,0.0,0.0,0.0,0.0,0.0,0.0,0.0,0.0,0.0,0.0,0.0,0.0,0.0,0.0,0.0,0.0,0.0,0.0,0.0,0.0,0.0,0.0,0.0,0.0,0.0,0.0,0.0,0.0,0.0,0.0,0.0,0.0,0.0,0.0,0.0,0.0
02.11.2024 22:30,0.0,0.0,0.0,0.0,0.0,0.0,0.0,0.0,0.0,0.0,0.0,0.0,0.0,0.0,0.0,0.0,0.0,0.0,0.0,0.0,0.0,0.0,0.0,0.0,0.0,0.0,0.0,0.0,0.0,0.0,0.0,0.0,0.0,0.0,0.0,0.0,0.0,0.0,0.0,0.0
02.11.2024 22:45,0.0,0.0,0.0,0.0,0.0,0.0,0.0,0.0,0.0,0.0,0.0,0.0,0.0,0.0,0.0,0.0,0.0,0.0,0.0,0.0,0.0,0.0,0.0,0.0,0.0,0.0,0.0,0.0,0.0,0.0,0.0,0.0,0.0,0.0,0.0,0.0,0.0,0.0,0.0,0.0
02.11.2024 23:00,0.0,0.0,0.0,0.0,0.0,0.0,0.0,0.0,0.0,0.0,0.0,0.0,0.0,0.0,0.0,0.0,0.0,0.0,0.0,0.0,0.0,0.0,0.0,0.0,0.0,0.0,0.0,0.0,0.0,0.0,0.0,0.0,0.0,0.0,0.0,0.0,0.0,0.0,0.0,0.0
02.11.2024 23:15,0.0,0.0,0.0,0.0,0.0,0.0,0.0,0.0,0.0,0.0,0.0,0.0,0.0,0.0,0.0,0.0,0.0,0.0,0.0,0.0,0.0,0.0,0.0,0.0,0.0,0.0,0.0,0.0,0.0,0.0,0.0,0.0,0.0,0.0,0.0,0.0,0.0,0.0,0.0,0.0
02.11.2024 23:30,0.0,0.0,0.0,0.0,0.0,0.0,0.0,0.0,0.0,0.0,0.0,0.0,0.0,0.0,0.0,0.0,0.0,0.0,0.0,0.0,0.0,0.0,0.0,0.0,0.0,0.0,0.0,0.0,0.0,0.0,0.0,0.0,0.0,0.0,0.0,0.0,0.0,0.0,0.0,0.0
02.11.2024 23:45,0.0,0.0,0.0,0.0,0.0,0.0,0.0,0.0,0.0,0.0,0.0,0.0,0.0,0.0,0.0,0.0,0.0,0.0,0.0,0.0,0.0,0.0,0.0,0.0,0.0,0.0,0.0,0.0,0.0,0.0,0.0,0.0,0.0,0.0,0.0,0.0,0.0,0.0,0.0,0.0
